-- MySQL dump 10.19  Distrib 10.3.34-MariaDB, for debian-linux-gnu (x86_64)
--
-- Host: localhost    Database: noning
-- ------------------------------------------------------
-- Server version	10.3.34-MariaDB-0ubuntu0.20.04.1

/*!40101 SET @OLD_CHARACTER_SET_CLIENT=@@CHARACTER_SET_CLIENT */;
/*!40101 SET @OLD_CHARACTER_SET_RESULTS=@@CHARACTER_SET_RESULTS */;
/*!40101 SET @OLD_COLLATION_CONNECTION=@@COLLATION_CONNECTION */;
/*!40101 SET NAMES utf8mb4 */;
/*!40103 SET @OLD_TIME_ZONE=@@TIME_ZONE */;
/*!40103 SET TIME_ZONE='+00:00' */;
/*!40014 SET @OLD_UNIQUE_CHECKS=@@UNIQUE_CHECKS, UNIQUE_CHECKS=0 */;
/*!40014 SET @OLD_FOREIGN_KEY_CHECKS=@@FOREIGN_KEY_CHECKS, FOREIGN_KEY_CHECKS=0 */;
/*!40101 SET @OLD_SQL_MODE=@@SQL_MODE, SQL_MODE='NO_AUTO_VALUE_ON_ZERO' */;
/*!40111 SET @OLD_SQL_NOTES=@@SQL_NOTES, SQL_NOTES=0 */;

--
-- Table structure for table `board`
--

DROP TABLE IF EXISTS `board`;
/*!40101 SET @saved_cs_client     = @@character_set_client */;
/*!40101 SET character_set_client = utf8 */;
CREATE TABLE `board` (
  `board_id` bigint(20) NOT NULL AUTO_INCREMENT,
  `title` varchar(100) COLLATE utf8_bin NOT NULL,
  `opt1` varchar(45) COLLATE utf8_bin NOT NULL,
  `opt2` varchar(45) COLLATE utf8_bin NOT NULL,
  `category_code` varchar(10) COLLATE utf8_bin NOT NULL,
  `reg` datetime NOT NULL,
  `is_deleted` bit(1) NOT NULL DEFAULT b'0',
  `is_live` bit(1) NOT NULL DEFAULT b'0',
  `writer_id` bigint(20) NOT NULL,
  `live_id` bigint(20) DEFAULT NULL,
  PRIMARY KEY (`board_id`),
  KEY `fk_board_user1_idx` (`writer_id`),
  CONSTRAINT `fk_board_user1` FOREIGN KEY (`writer_id`) REFERENCES `user` (`user_id`) ON DELETE NO ACTION ON UPDATE NO ACTION
) ENGINE=InnoDB AUTO_INCREMENT=101 DEFAULT CHARSET=utf8 COLLATE=utf8_bin;
/*!40101 SET character_set_client = @saved_cs_client */;

--
-- Dumping data for table `board`
--

LOCK TABLES `board` WRITE;
/*!40000 ALTER TABLE `board` DISABLE KEYS */;
INSERT INTO `board` VALUES (1,'진라면순한맛 vs 진라면매운맛','진순','진매','B0103','2022-08-16 09:31:31','\0','\0',7,0),(2,'클럽에서 만난 사람이랑 결혼 가능?','가능','불가능','B0101','2022-08-16 09:32:08','\0','\0',1,0),(3,'비빔냉면 vs 물냉면','비냉','물냉','B0103','2022-08-16 09:33:08','\0','\0',7,0),(4,'LCK, 더 강한 팀은?','T1','Gen.G','B0104','2022-08-16 10:30:33','\0','\0',8,0),(5,'핸 드 폰','애플','삼성','B0108','2022-08-16 10:31:20','\0','\0',8,0),(6,'운동 스타일을 고르자면','저중량 고반복','고중량 저반복','B0105','2022-08-16 10:32:09','\0','\0',8,0),(7,'저녁 메뉴 추천','돈까스','파스타','B0103','2022-08-16 10:32:54','\0','\0',8,0),(8,'차 사고가 났는데...','차 박살','내 애인 코 박살','B0102','2022-08-16 12:10:07','\0','\0',11,0),(9,'로또 1등 당첨되면?','하는 일 바로 그만둔다','그냥 한다','B0107','2022-08-16 12:12:03','\0','\0',11,0),(10,'유튜버 성별 속이기','상관없다','너무하다','B0199','2022-08-16 12:12:59','\0','\0',11,0),(11,'옷을 입는데','여름에 겨울옷 입기','겨울에 여름옷 입기','B0102','2022-08-16 12:14:21','\0','\0',11,0),(12,'둘 중 하나 포기해야 한다면','복근','모근','B0105','2022-08-16 12:19:59','\0','\0',11,0),(13,'평생동안~','샤워 안하기','양치 안하기','B0102','2022-08-16 12:30:15','\0','\0',11,0),(14,'다시 태어나면','원하는 얼굴로 태어나기','원하는 사람과 결혼하기','B0199','2022-08-16 12:30:41','\0','\0',11,0),(15,'특별한 능력을 가진다면','눈물이 다이아로 변함','소변이 금으로 변함','B0199','2022-08-16 12:31:32','\0','\0',11,0),(16,'발표를 망쳤을 때 듣고싶은 말은','냉철한 피드백','위로가 격려','B0106','2022-08-16 12:32:50','\0','\0',8,0),(17,'추운날씨에 친구에게 겉옷주는 애인','그정도야 뭐~','절대!! 불가능!!','B0101','2022-08-16 12:34:00','\0','\0',6,0),(18,'무더운 여름에..','24시간 내내 선풍기','2시간 동안 에어컨','B0199','2022-08-16 12:41:37','\0','\0',8,0),(19,'최악의 급식','버섯탕수육','가지탕수육','B0106','2022-08-16 12:51:03','\0','\0',8,0),(20,'된된다되나','1안','2안','B0199','2022-08-16 13:06:44','','\0',4,0),(21,'논쟁 입니다 ','1안 입니다ㅏ ㅏㅏ','2안 옵니다 ㅏㅏㅏ','B0199','2022-08-16 22:47:21','','\0',4,0),(22,'노쟝이다ㅏㅏ','1안','2안','B0199','2022-08-16 23:11:32','','\0',4,0),(23,'추구하는 연애 스타일','5년 동안 1명','1년 동안 5명','B0101','2022-08-17 00:59:07','\0','\0',4,0),(24,'뭐가 더 나은가??','내 차 박살','내 애인 코 박살','B0101','2022-08-17 00:59:35','\0','\0',4,0),(25,'내 애인이 어떤게 나아???','너무 안 꾸미는 애인','너무 과하게 꾸미는 애인','B0101','2022-08-17 01:00:14','\0','\0',4,0),(26,'깻잎논쟁에 대해서','찬성한다','반대한다','B0101','2022-08-17 01:03:51','\0','\0',8,0),(27,'둘 중 나은 것은?','주4일 250만원 벌기','주 6일 450만원 벌기','B0107','2022-08-17 01:22:59','\0','\0',1,0),(28,'추억의 게임','크아','카트','B0104','2022-08-17 01:24:45','\0','\0',1,0),(31,'남친 앞에서 남사친 당면 잡아주기','절대 안된다','왜 안돼?','B0101','2022-08-17 02:46:50','','\0',20,0),(32,'교양 수업에서 맘에 드는 이성을 발견','나는야 직진! 바로 딴다','호엥 부끄러 종강날에 딴다','B0106','2022-08-18 17:14:25','\0','\0',55,0),(33,'회식 요일 선호도','목요일','금요일','B0107','2022-08-18 21:22:49','\0','\0',45,0),(34,'노출???','사생활 노출','노출로 생활','B0102','2022-08-18 21:24:16','\0','\0',55,0),(35,'애인과 두번째 기념일','누구보다 화려하고 갬성있게','작년에 했잖아 둘이 소소하게','B0101','2022-08-18 21:27:16','\0','\0',56,0),(36,'더 힘든 운동은??','필라테스','요가','B0105','2022-08-18 21:27:27','\0','\0',46,0),(37,'더 나은 상사 유형','일은 잘함, 성격 파탄','일은 못함, 성격 천사','B0107','2022-08-18 21:30:32','\0','\0',47,0),(38,'데이트통장','좋다니돈이내돈','정없다 반대!!','B0101','2022-08-18 21:32:08','\0','\0',58,0),(39,'고양이가 좋니 강아지가 좋니??','나는 집사가 체질','ㄱ갱얼쥐랑 해피라이프','B0199','2022-08-18 21:34:36','\0','\0',59,0),(40,'미스터 트롯 누가 좋으세요?','영탁','찬원','B0199','2022-08-18 21:35:19','\0','\0',48,0),(41,'20살로 돌아간다면','알바해서 세계여행','1년 더 공부겅부','B0199','2022-08-18 21:38:32','\0','\0',60,0),(42,'현 아이돌 원탑','에스파','아이브','B0106','2022-08-18 21:39:12','\0','\0',60,0),(43,'평섕 운동 한기 해야하한다면!','등산','낚시','B0105','2022-08-18 21:41:10','\0','\0',49,0),(44,'복숭아 국룰','질질 흘리는 물복보더 딱복','딱딱해ㅜ죽기 전에 물복','B0103','2022-08-18 21:42:38','\0','\0',61,0),(45,'혼자 어디까지 해봤니','혼자 오마카세','혼자 놀이공원','B0199','2022-08-18 21:44:55','\0','\0',62,0),(46,'출퇴근 선호도','6시출근 4시퇴근','10시출근 8시퇴근','B0107','2022-08-18 21:47:57','\0','\0',63,0),(47,'좋아하는 식물은??','수국','진달래꽃','B0199','2022-08-18 21:48:54','\0','\0',50,0),(48,'교복 치마길이','무릎 위 십센치','무릎 위 이십센치','B0106','2022-08-18 21:50:32','\0','\0',64,0),(49,'애인의 수영복ㅎㅎ','비키니','모노키니','B0101','2022-08-18 21:55:14','\0','\0',56,0),(50,'취준생국룰','스터디카페가서 핸드폰하기','토익 신청학고 안가기','B0106','2022-08-18 21:57:29','\0','\0',58,0),(51,'민트초코 논쟁','치약을 왜먹어ㅠ','치약이 민초맛인다!!','B0103','2022-08-18 21:58:42','\0','\0',59,0),(52,'사회인야구 힘든이유','열악한 시설','초기 비용','B0105','2022-08-18 21:58:43','\0','\0',51,0),(53,'롯데월드 하이패스 5개 오만원','비싸다 줄 서고 말지','자본ㅇ의 위력이란!','B0108','2022-08-18 22:01:09','\0','\0',60,0),(54,'둘 중 하나를 먹는다면?','토마토맛 토','토맛 토마토','B0102','2022-08-18 22:02:42','\0','\0',11,0),(55,'12살 연상 만날 수 있다','얼굴 보고 만남','절대 안 만남','B0101','2022-08-18 22:03:02','\0','\0',61,0),(56,'여행갈 때','계획없인 못살아 파워J','몸 가는 곳이 내 여행지 P','B0108','2022-08-18 22:05:01','\0','\0',61,0),(57,'에스파랑 결혼하기','카리나랑 하기','윈터랑 하기','B0108','2022-08-18 22:14:18','\0','\0',64,0),(58,'소개팅룩 추천','꽃무늬 원피스','흰티 청바지','B0102','2022-08-18 22:15:34','\0','\0',60,0),(59,'서버가 터지면???','엉엉 운다ㅠㅠㅠ 힝','술 먹고 잔다zz','B0107','2022-08-18 22:16:41','\0','\0',63,0),(60,'나중에 애를 낳는다면','형제','자매','B0108','2022-08-18 22:19:17','\0','\0',63,0),(61,'담임쌤 헤어스타일','강호동 머리','박명수 머리','B0106','2022-08-18 22:20:45','\0','\0',56,0),(62,'다이어트 방법','쫄쫄 굶기','이만보 걷기 ','B0105','2022-08-18 22:26:07','\0','\0',60,0),(63,'남친앞에서 남사친의 당면잡아줘도되나?','절대 안돼!!','왜안돼??','B0101','2022-08-18 22:40:52','','\0',27,0),(64,'중요한 기념일은?','화려하게 보낸다!!','평범하고 소소하게!','B0101','2022-08-18 23:48:21','\0','\0',52,0),(65,'더 아까운 것은??','요플레 뚜껑 그냥 버리기','쭈쭈바 꼬다리 그냥버리기','B0102','2022-08-18 23:53:22','\0','\0',53,0),(66,'더 맛있는 음식은?','이사하는 날 짜장면','비 오는 날 파전','B0103','2022-08-18 23:56:49','\0','\0',54,0),(67,'나는 솔직히 오타쿠다','맞다','아니다','B0199','2022-08-19 00:06:57','\0','\0',36,0),(68,'친구랑 나를 화나게 하면??','서운한 점 말해서 풀기','그냥 참고 넘어가기','B0108','2022-08-19 00:10:22','\0','\0',35,0),(69,'게임과 사랑에 빠진 애인','열받지만 참아본다..','당장 헤어져!!!!','B0104','2022-08-19 00:15:00','\0','\0',37,0),(70,'출퇴근 시간 고른다면????','텅빈버스 왕복2시간','지옥철 왕복1시간','B0107','2022-08-19 00:19:48','\0','\0',38,0),(71,'단 이틀뿐인 여름휴가','바다 가서 맥주 먹기','산에서 백숙 먹기','B0103','2022-08-19 00:24:52','\0','\0',65,0),(72,'저녁 메뉴','치킨','피자','B0103','2022-08-19 00:29:58','\0','\0',39,0),(73,'술 먹은 다음날...','미친듯이 매운 음식!','느끼해 죽을거 같은 음식!!','B0103','2022-08-19 00:33:42','\0','\0',40,0),(74,'소개팅 셀카 사기','얼굴만 보는데 주선자가 밉다','성격은 ㄱㅊ니 주선자 거맙다','B0108','2022-08-19 00:35:34','\0','\0',66,0),(75,'페이커는....','LCK상징! 더 해먹어라!','이제 그만 좀 내려와 노잼','B0104','2022-08-19 00:37:42','\0','\0',41,0),(76,'커플템선호도 ','머리부터 발끝까지 커플템','존뉀시름','B0101','2022-08-19 00:39:33','\0','\0',69,0),(77,'is the 부모님','엄마','아빠','B0108','2022-08-19 00:42:54','\0','\0',42,0),(78,'월요일 회식 메뉴','이자카야에서 꼬치','비오니까 감자전','B0106','2022-08-19 00:43:00','\0','\0',71,0),(79,'이효리는 거꾸로해도 이효리일까','맞다','아니다','B0102','2022-08-19 00:45:47','\0','\0',73,0),(80,'근 본 삶 은 계 란','반숙','완숙','B0103','2022-08-19 00:47:53','\0','\0',43,0),(81,'10년 전으로 되돌아가기','쥬아!','시렁ㅜㅡ','B0102','2022-08-19 00:48:53','\0','\0',74,0),(82,'둘 중 한 음식만 먹는다면??','김치찌개','된장찌개','B0103','2022-08-19 00:51:36','\0','\0',44,0),(83,'우유 먹으면 키 큰다?','많이 먹었는데 개작음','많이 먹었더니 열라 큼','B0103','2022-08-19 00:52:20','\0','\0',66,0),(84,'대학 가면 여친 생기나여ㅠ','거울 없니?','남친도 생김','B0101','2022-08-19 00:55:11','\0','\0',69,0),(85,'비오는날 패숀','다리 젖기 싫어 긴바지','옷 젖기 싫어 반바지','B0199','2022-08-19 00:56:26','\0','\0',71,0),(86,'겨울철 강자 정하기','스키잉','보등','B0105','2022-08-19 00:57:52','\0','\0',73,0),(87,'한달 같이 살 동물','바퀴벌레','시궁쥐','B0102','2022-08-19 01:00:52','\0','\0',70,0),(88,'솔직히 말해보자 우리','나는 콩쥐 성격얌','나는 역시 팥쥐야ㅋ','B0102','2022-08-19 01:04:35','\0','\0',66,0),(89,'90년대생은 틀딱이다','ㅇㅈㅇㅈ 거리감 오져','ㅂㄷㅂㄷ 아직 아냐ㅠ','B0102','2022-08-19 01:06:45','\0','\0',57,0),(90,'중간고사 끝나면???','노래방 가서 지르기!','빙수 퍼먹기!','B0106','2022-08-19 02:09:17','\0','\0',28,0),(91,'유튜버가 꿈이라는 제 19살 아들','정신차리게 한다','지 인생 지가 알아서 하겟지','B0108','2022-08-19 02:09:58','\0','\0',57,0),(92,'꼬끼오오오오옭~~','야오오옹~','멍!! 멍멍!!!','B0102','2022-08-19 02:15:10','\0','\0',29,0),(93,'부리부리대마왕 닮은 남친','귀엽다','귀없다','B0102','2022-08-19 02:21:09','\0','\0',72,0),(94,'제 다음 게임 추천좀','메이플','로아','B0104','2022-08-19 02:23:30','\0','\0',30,0),(95,'지젤 vs 닝닝','지젤','닝닝','B0101','2022-08-19 02:37:02','\0','\0',31,0),(96,'강아지 이름 골라줘','동그라미','우영우','B0199','2022-08-19 02:39:33','\0','\0',68,0),(97,'곱창러버 들어와라','고소한 소곱창','매콤달콤 돼지곱창','B0103','2022-08-19 02:41:29','\0','\0',69,0),(98,'축구왕은 뉴규~','박지성','손흥민','B0105','2022-08-19 02:45:52','','\0',67,0),(99,'전 애인이랑 환승연애','나간다','에바참치꽁치','B0101','2022-08-19 03:38:57','\0','\0',67,0),(100,'남친 앞에서 남사친 당면 잡아주기','안돼','왜 안돼','B0101','2022-08-19 05:20:45','\0','\0',27,0);
/*!40000 ALTER TABLE `board` ENABLE KEYS */;
UNLOCK TABLES;

--
-- Table structure for table `board_data`
--

DROP TABLE IF EXISTS `board_data`;
/*!40101 SET @saved_cs_client     = @@character_set_client */;
/*!40101 SET character_set_client = utf8 */;
CREATE TABLE `board_data` (
  `board_data_id` bigint(20) NOT NULL AUTO_INCREMENT,
  `opt1_selected` int(11) NOT NULL DEFAULT 0,
  `opt2_selected` int(11) NOT NULL DEFAULT 0,
  `likes` int(11) NOT NULL DEFAULT 0,
  `board_id` bigint(20) NOT NULL,
  PRIMARY KEY (`board_data_id`),
  KEY `fk_board_data_board1_idx` (`board_id`),
  CONSTRAINT `fk_board_data_board1` FOREIGN KEY (`board_id`) REFERENCES `board` (`board_id`) ON DELETE NO ACTION ON UPDATE NO ACTION
) ENGINE=InnoDB AUTO_INCREMENT=101 DEFAULT CHARSET=utf8 COLLATE=utf8_bin;
/*!40101 SET character_set_client = @saved_cs_client */;

--
-- Dumping data for table `board_data`
--

LOCK TABLES `board_data` WRITE;
/*!40000 ALTER TABLE `board_data` DISABLE KEYS */;
INSERT INTO `board_data` VALUES (1,11,12,0,1),(2,11,12,0,2),(3,5,17,0,3),(4,15,7,1,4),(5,7,14,1,5),(6,12,11,0,6),(7,10,12,0,7),(8,7,16,1,8),(9,16,7,1,9),(10,10,12,1,10),(11,11,14,0,11),(12,19,7,1,12),(13,11,14,0,13),(14,15,18,3,14),(15,15,16,1,15),(16,20,10,1,16),(17,13,29,2,17),(18,29,12,3,18),(19,25,14,4,19),(20,0,0,0,20),(21,0,1,0,21),(22,1,1,0,22),(23,18,15,0,23),(24,20,22,5,24),(25,17,27,5,25),(26,19,21,1,26),(27,20,21,1,27),(28,21,16,2,28),(31,2,12,2,31),(32,15,9,0,32),(33,16,13,1,33),(34,14,13,0,34),(35,12,14,0,35),(36,18,11,0,36),(37,14,15,0,37),(38,16,11,0,38),(39,15,12,0,39),(40,15,11,0,40),(41,16,11,0,41),(42,12,15,0,42),(43,12,16,0,43),(44,13,14,0,44),(45,18,9,1,45),(46,18,9,1,46),(47,12,13,0,47),(48,19,8,0,48),(49,10,17,0,49),(50,19,8,0,50),(51,17,9,0,51),(52,14,13,0,52),(53,12,15,0,53),(54,14,14,0,54),(55,13,15,0,55),(56,15,20,0,56),(57,17,10,0,57),(58,12,12,0,58),(59,17,11,0,59),(60,10,18,2,60),(61,15,10,1,61),(62,15,8,3,62),(63,8,11,1,63),(64,8,14,0,64),(65,10,12,0,65),(66,12,13,0,66),(67,11,11,0,67),(68,15,7,0,68),(69,9,13,0,69),(70,8,16,0,70),(71,17,4,0,71),(72,13,8,0,72),(73,12,7,0,73),(74,11,6,0,74),(75,8,11,0,75),(76,9,10,0,76),(77,9,9,0,77),(78,13,5,0,78),(79,6,10,0,79),(80,9,8,0,80),(81,9,7,0,81),(82,10,6,0,82),(83,8,7,1,83),(84,7,8,1,84),(85,8,6,0,85),(86,6,7,0,86),(87,5,7,0,87),(88,4,7,0,88),(89,8,5,0,89),(90,6,4,0,90),(91,9,2,1,91),(92,2,6,0,92),(93,4,5,0,93),(94,2,5,0,94),(95,3,3,0,95),(96,3,5,0,96),(97,5,1,1,97),(98,0,2,0,98),(99,4,7,1,99),(100,1,6,1,100);
/*!40000 ALTER TABLE `board_data` ENABLE KEYS */;
UNLOCK TABLES;

--
-- Table structure for table `board_like`
--

DROP TABLE IF EXISTS `board_like`;
/*!40101 SET @saved_cs_client     = @@character_set_client */;
/*!40101 SET character_set_client = utf8 */;
CREATE TABLE `board_like` (
  `board_like_id` bigint(20) NOT NULL AUTO_INCREMENT,
  `board_id` bigint(20) NOT NULL,
  `user_id` bigint(20) NOT NULL,
  `reg` datetime NOT NULL,
  PRIMARY KEY (`board_like_id`),
  KEY `fk_board_like_board1_idx` (`board_id`),
  KEY `fk_board_like_user1_idx` (`user_id`),
  CONSTRAINT `fk_board_like_board1` FOREIGN KEY (`board_id`) REFERENCES `board` (`board_id`) ON DELETE NO ACTION ON UPDATE NO ACTION,
  CONSTRAINT `fk_board_like_user1` FOREIGN KEY (`user_id`) REFERENCES `user` (`user_id`) ON DELETE NO ACTION ON UPDATE NO ACTION
) ENGINE=InnoDB AUTO_INCREMENT=68 DEFAULT CHARSET=utf8 COLLATE=utf8_bin;
/*!40101 SET character_set_client = @saved_cs_client */;

--
-- Dumping data for table `board_like`
--

LOCK TABLES `board_like` WRITE;
/*!40000 ALTER TABLE `board_like` DISABLE KEYS */;
INSERT INTO `board_like` VALUES (5,14,4,'2022-08-16 12:43:06'),(6,19,8,'2022-08-16 23:07:52'),(11,18,8,'2022-08-17 01:02:14'),(12,28,8,'2022-08-17 01:37:58'),(13,24,8,'2022-08-17 01:38:09'),(15,19,20,'2022-08-17 10:20:19'),(16,14,20,'2022-08-17 10:21:11'),(18,25,13,'2022-08-17 15:40:59'),(19,26,13,'2022-08-17 15:41:13'),(22,14,13,'2022-08-17 15:42:51'),(23,15,13,'2022-08-17 15:42:52'),(24,16,13,'2022-08-17 15:42:53'),(25,12,13,'2022-08-17 15:57:26'),(26,10,13,'2022-08-17 15:57:31'),(27,9,13,'2022-08-17 15:57:33'),(28,5,13,'2022-08-17 16:16:08'),(29,4,13,'2022-08-17 16:16:10'),(30,25,12,'2022-08-17 16:40:19'),(31,31,7,'2022-08-17 22:35:05'),(33,27,7,'2022-08-17 22:35:59'),(34,18,7,'2022-08-17 22:52:56'),(36,8,13,'2022-08-18 12:49:20'),(37,31,1,'2022-08-18 16:56:35'),(38,28,7,'2022-08-18 21:05:27'),(40,46,64,'2022-08-18 21:50:39'),(41,45,64,'2022-08-18 21:50:41'),(42,62,8,'2022-08-18 22:34:25'),(43,60,8,'2022-08-18 22:34:26'),(44,63,8,'2022-08-18 22:41:59'),(45,19,27,'2022-08-18 22:42:09'),(46,18,54,'2022-08-18 23:57:20'),(47,19,54,'2022-08-18 23:57:21'),(48,17,54,'2022-08-18 23:57:22'),(49,17,36,'2022-08-19 00:07:26'),(50,62,36,'2022-08-19 00:07:42'),(51,25,35,'2022-08-19 00:11:20'),(52,33,35,'2022-08-19 00:12:04'),(53,25,42,'2022-08-19 00:43:39'),(54,25,43,'2022-08-19 00:48:09'),(55,61,32,'2022-08-19 02:42:02'),(56,62,32,'2022-08-19 02:42:03'),(57,60,32,'2022-08-19 02:42:04'),(58,83,12,'2022-08-19 02:56:19'),(59,84,12,'2022-08-19 02:56:21'),(60,97,12,'2022-08-19 02:56:42'),(61,24,12,'2022-08-19 03:31:13'),(62,24,43,'2022-08-19 03:33:14'),(63,24,67,'2022-08-19 03:35:32'),(64,91,4,'2022-08-19 03:36:22'),(65,99,62,'2022-08-19 05:04:03'),(66,100,12,'2022-08-19 05:20:51'),(67,24,27,'2022-08-19 05:21:52');
/*!40000 ALTER TABLE `board_like` ENABLE KEYS */;
UNLOCK TABLES;

--
-- Table structure for table `board_vote`
--

DROP TABLE IF EXISTS `board_vote`;
/*!40101 SET @saved_cs_client     = @@character_set_client */;
/*!40101 SET character_set_client = utf8 */;
CREATE TABLE `board_vote` (
  `board_vote_id` bigint(20) NOT NULL AUTO_INCREMENT,
  `vote` tinyint(4) NOT NULL,
  `user_id` bigint(20) NOT NULL,
  `board_id` bigint(20) NOT NULL,
  `reg` datetime NOT NULL,
  PRIMARY KEY (`board_vote_id`),
  KEY `fk_user_board_user1_idx` (`user_id`),
  KEY `fk_user_board_board1_idx` (`board_id`),
  CONSTRAINT `fk_user_board_board1` FOREIGN KEY (`board_id`) REFERENCES `board` (`board_id`) ON DELETE NO ACTION ON UPDATE NO ACTION,
  CONSTRAINT `fk_user_board_user1` FOREIGN KEY (`user_id`) REFERENCES `user` (`user_id`) ON DELETE NO ACTION ON UPDATE NO ACTION
) ENGINE=InnoDB AUTO_INCREMENT=2201 DEFAULT CHARSET=utf8 COLLATE=utf8_bin;
/*!40101 SET character_set_client = @saved_cs_client */;

--
-- Dumping data for table `board_vote`
--

LOCK TABLES `board_vote` WRITE;
/*!40000 ALTER TABLE `board_vote` DISABLE KEYS */;
INSERT INTO `board_vote` VALUES (1,1,7,1,'2022-08-16 09:31:36'),(2,2,7,3,'2022-08-16 09:33:17'),(3,1,1,2,'2022-08-16 11:00:53'),(4,1,6,4,'2022-08-16 12:24:51'),(5,1,6,17,'2022-08-16 12:38:40'),(6,2,8,17,'2022-08-16 12:38:31'),(7,2,7,17,'2022-08-16 12:38:35'),(8,2,1,17,'2022-08-16 12:38:38'),(9,2,4,17,'2022-08-16 12:49:44'),(10,2,4,16,'2022-08-16 12:40:25'),(11,1,4,15,'2022-08-16 12:42:21'),(12,2,4,18,'2022-08-16 23:26:09'),(13,2,4,14,'2022-08-16 12:43:00'),(14,2,4,13,'2022-08-16 12:45:38'),(15,2,4,12,'2022-08-16 12:45:39'),(16,2,4,11,'2022-08-16 12:45:40'),(17,2,4,10,'2022-08-16 12:45:41'),(18,2,4,9,'2022-08-16 12:45:43'),(19,2,4,8,'2022-08-16 12:45:45'),(20,2,4,7,'2022-08-16 12:45:46'),(21,2,4,6,'2022-08-16 12:45:47'),(22,2,4,5,'2022-08-16 12:45:48'),(23,2,4,4,'2022-08-16 12:45:49'),(24,2,4,3,'2022-08-16 12:45:50'),(25,2,4,2,'2022-08-16 12:45:51'),(26,2,4,1,'2022-08-16 12:45:51'),(27,1,7,18,'2022-08-17 23:00:46'),(28,1,6,18,'2022-08-16 12:46:50'),(29,2,7,16,'2022-08-16 12:47:15'),(30,1,7,15,'2022-08-16 12:47:18'),(31,1,8,18,'2022-08-17 01:02:37'),(32,1,1,16,'2022-08-16 12:49:49'),(33,2,7,19,'2022-08-16 23:55:20'),(34,1,6,19,'2022-08-16 12:54:26'),(35,1,1,18,'2022-08-16 23:03:18'),(36,1,12,17,'2022-08-16 13:00:03'),(37,1,12,18,'2022-08-16 23:02:23'),(38,1,12,19,'2022-08-16 22:11:24'),(39,1,13,18,'2022-08-16 22:23:05'),(40,2,4,21,'2022-08-16 22:48:11'),(41,1,13,17,'2022-08-16 23:09:20'),(42,2,7,22,'2022-08-16 23:11:37'),(43,1,4,22,'2022-08-16 23:11:54'),(44,2,7,14,'2022-08-16 23:12:01'),(45,1,1,14,'2022-08-16 23:12:05'),(46,2,4,19,'2022-08-16 23:15:13'),(47,1,7,13,'2022-08-16 23:12:37'),(48,1,7,12,'2022-08-16 23:12:43'),(49,2,7,11,'2022-08-16 23:12:58'),(50,2,7,10,'2022-08-16 23:13:09'),(51,1,7,9,'2022-08-16 23:13:12'),(52,1,7,8,'2022-08-16 23:13:15'),(53,2,7,7,'2022-08-16 23:13:26'),(54,2,7,5,'2022-08-16 23:13:58'),(55,2,7,4,'2022-08-16 23:14:00'),(56,1,7,2,'2022-08-16 23:14:02'),(57,1,1,19,'2022-08-16 23:14:20'),(58,1,8,19,'2022-08-17 01:38:54'),(59,1,13,19,'2022-08-16 23:51:24'),(60,1,17,17,'2022-08-17 00:35:47'),(61,2,17,2,'2022-08-17 00:35:49'),(69,2,8,25,'2022-08-19 03:16:15'),(70,2,4,26,'2022-08-17 01:17:21'),(71,1,4,25,'2022-08-17 01:17:26'),(72,1,8,8,'2022-08-17 01:18:51'),(73,2,18,26,'2022-08-17 01:25:21'),(74,1,18,25,'2022-08-17 01:25:23'),(75,1,18,24,'2022-08-17 01:25:25'),(76,2,8,28,'2022-08-17 01:37:57'),(77,2,8,24,'2022-08-17 01:38:08'),(78,1,13,28,'2022-08-17 01:39:27'),(83,2,18,23,'2022-08-17 01:41:17'),(84,1,18,19,'2022-08-17 01:42:11'),(85,1,18,18,'2022-08-17 01:42:14'),(86,2,18,17,'2022-08-17 01:42:17'),(87,1,18,16,'2022-08-17 01:42:20'),(88,2,18,15,'2022-08-17 01:43:07'),(89,1,18,14,'2022-08-17 01:43:11'),(90,1,18,13,'2022-08-17 01:43:14'),(91,1,18,12,'2022-08-17 01:43:18'),(92,2,18,11,'2022-08-17 01:43:21'),(99,1,1,28,'2022-08-17 02:06:31'),(100,1,1,27,'2022-08-17 02:06:35'),(101,2,1,26,'2022-08-17 02:06:38'),(102,2,1,25,'2022-08-17 02:06:44'),(103,1,1,24,'2022-08-17 02:06:47'),(104,2,1,23,'2022-08-17 02:06:50'),(105,2,19,26,'2022-08-17 02:27:13'),(107,2,20,26,'2022-08-17 02:45:36'),(108,2,20,25,'2022-08-17 02:45:46'),(109,2,11,31,'2022-08-17 03:00:44'),(110,2,1,31,'2022-08-17 03:00:49'),(111,2,7,31,'2022-08-18 20:36:23'),(112,2,4,31,'2022-08-17 11:18:17'),(113,2,17,31,'2022-08-17 03:03:19'),(114,1,22,31,'2022-08-17 17:27:29'),(115,2,19,31,'2022-08-17 03:10:01'),(116,2,19,25,'2022-08-17 03:14:12'),(117,2,8,31,'2022-08-18 09:46:53'),(118,2,23,31,'2022-08-17 03:26:06'),(119,1,7,28,'2022-08-17 03:31:32'),(120,1,22,28,'2022-08-17 03:46:19'),(121,1,22,27,'2022-08-17 03:46:20'),(122,1,20,28,'2022-08-17 10:19:42'),(123,1,20,27,'2022-08-17 10:19:52'),(124,1,20,23,'2022-08-17 10:20:02'),(125,2,20,19,'2022-08-17 10:20:15'),(126,2,20,14,'2022-08-17 10:21:10'),(127,1,20,24,'2022-08-17 10:28:40'),(128,2,20,18,'2022-08-17 10:28:46'),(129,2,20,17,'2022-08-17 10:28:54'),(130,1,20,16,'2022-08-17 10:31:14'),(131,2,20,15,'2022-08-17 10:31:19'),(132,2,20,13,'2022-08-17 10:31:25'),(133,1,20,12,'2022-08-17 10:31:30'),(134,1,20,7,'2022-08-17 10:31:43'),(135,2,20,6,'2022-08-17 10:31:50'),(136,2,13,31,'2022-08-18 12:48:38'),(137,1,20,31,'2022-08-17 17:25:31'),(138,2,12,31,'2022-08-17 23:00:14'),(139,1,4,28,'2022-08-17 14:37:30'),(140,2,4,24,'2022-08-17 14:51:06'),(141,1,4,27,'2022-08-17 14:52:56'),(142,2,4,23,'2022-08-17 14:52:59'),(143,2,13,27,'2022-08-17 15:41:04'),(144,1,13,26,'2022-08-17 15:41:07'),(145,1,13,25,'2022-08-17 15:41:10'),(146,1,13,16,'2022-08-17 15:42:43'),(147,1,13,15,'2022-08-17 15:42:46'),(148,2,13,14,'2022-08-17 15:42:50'),(149,1,13,12,'2022-08-17 15:57:27'),(150,2,13,10,'2022-08-17 15:57:32'),(151,1,13,9,'2022-08-17 15:57:35'),(152,2,13,5,'2022-08-17 16:16:11'),(153,1,13,4,'2022-08-17 16:16:12'),(154,2,13,3,'2022-08-17 16:16:14'),(155,2,13,2,'2022-08-17 16:16:21'),(156,1,13,1,'2022-08-17 16:16:23'),(157,1,13,24,'2022-08-17 16:17:32'),(158,1,13,23,'2022-08-17 16:17:35'),(159,1,13,11,'2022-08-17 16:17:42'),(160,2,12,25,'2022-08-17 16:38:22'),(161,2,24,27,'2022-08-17 22:00:07'),(162,1,7,27,'2022-08-17 22:35:56'),(163,1,7,26,'2022-08-17 23:13:12'),(164,2,7,25,'2022-08-17 23:13:22'),(165,2,7,24,'2022-08-17 23:13:30'),(166,2,7,23,'2022-08-17 23:13:31'),(167,2,7,6,'2022-08-17 23:13:32'),(168,2,13,6,'2022-08-18 09:40:29'),(169,2,25,31,'2022-08-18 13:55:52'),(170,2,25,28,'2022-08-18 14:47:54'),(171,1,25,27,'2022-08-18 14:48:02'),(172,1,25,26,'2022-08-18 14:48:04'),(173,1,25,25,'2022-08-18 14:48:04'),(174,1,25,23,'2022-08-18 14:48:06'),(175,1,25,24,'2022-08-18 14:48:07'),(176,1,25,19,'2022-08-18 14:48:09'),(177,1,25,18,'2022-08-18 14:48:10'),(178,1,25,17,'2022-08-18 14:48:11'),(179,1,25,16,'2022-08-18 14:48:12'),(180,1,25,15,'2022-08-18 14:48:13'),(181,1,25,13,'2022-08-18 14:48:15'),(182,1,25,14,'2022-08-18 14:48:16'),(183,1,12,26,'2022-08-18 16:08:09'),(184,2,1,15,'2022-08-18 16:56:53'),(185,1,1,13,'2022-08-18 16:56:57'),(186,1,1,12,'2022-08-18 16:56:59'),(187,1,1,11,'2022-08-18 16:57:02'),(188,1,1,10,'2022-08-18 16:57:05'),(189,2,1,1,'2022-08-18 16:57:09'),(190,2,1,3,'2022-08-18 16:57:13'),(191,1,1,5,'2022-08-18 16:57:16'),(192,2,1,6,'2022-08-18 16:57:22'),(193,2,1,7,'2022-08-18 16:57:24'),(194,2,1,8,'2022-08-18 16:57:26'),(195,1,1,9,'2022-08-18 16:57:28'),(196,1,55,28,'2022-08-18 17:11:51'),(197,2,55,31,'2022-08-18 17:11:52'),(198,2,55,26,'2022-08-18 17:11:56'),(199,1,55,27,'2022-08-18 17:11:57'),(200,2,55,25,'2022-08-18 17:12:00'),(201,1,55,24,'2022-08-18 17:12:01'),(202,2,55,23,'2022-08-18 17:12:04'),(203,2,55,19,'2022-08-18 17:14:32'),(204,1,27,1,'2022-08-18 21:22:46'),(205,1,55,34,'2022-08-18 21:24:44'),(206,2,55,33,'2022-08-18 21:24:46'),(207,2,56,34,'2022-08-18 21:27:24'),(208,1,56,35,'2022-08-18 21:27:26'),(209,1,56,33,'2022-08-18 21:27:28'),(210,1,56,32,'2022-08-18 21:27:30'),(211,2,56,28,'2022-08-18 21:27:31'),(212,1,56,27,'2022-08-18 21:27:33'),(213,2,56,26,'2022-08-18 21:27:34'),(214,1,56,25,'2022-08-18 21:27:36'),(215,2,56,24,'2022-08-18 21:27:38'),(216,1,56,23,'2022-08-18 21:27:39'),(217,1,56,19,'2022-08-18 21:27:41'),(218,2,56,18,'2022-08-18 21:27:42'),(219,2,56,17,'2022-08-18 21:27:44'),(220,1,56,16,'2022-08-18 21:27:46'),(221,2,56,15,'2022-08-18 21:27:49'),(222,2,56,14,'2022-08-18 21:27:50'),(223,1,58,37,'2022-08-18 21:32:22'),(224,1,58,36,'2022-08-18 21:32:27'),(225,2,58,35,'2022-08-18 21:32:29'),(226,2,58,34,'2022-08-18 21:32:31'),(227,1,58,33,'2022-08-18 21:32:32'),(228,1,58,32,'2022-08-18 21:32:35'),(229,2,58,28,'2022-08-18 21:32:37'),(230,2,58,27,'2022-08-18 21:32:39'),(231,1,58,26,'2022-08-18 21:32:41'),(232,2,58,24,'2022-08-18 21:32:42'),(233,1,58,25,'2022-08-18 21:32:42'),(234,1,58,23,'2022-08-18 21:32:43'),(235,2,58,19,'2022-08-18 21:32:44'),(236,1,58,18,'2022-08-18 21:32:45'),(237,2,58,17,'2022-08-18 21:32:45'),(238,2,58,16,'2022-08-18 21:32:48'),(239,1,58,15,'2022-08-18 21:32:49'),(240,2,58,13,'2022-08-18 21:32:53'),(241,2,58,14,'2022-08-18 21:32:54'),(242,1,58,11,'2022-08-18 21:32:55'),(243,1,58,12,'2022-08-18 21:32:56'),(244,2,59,38,'2022-08-18 21:34:39'),(245,1,59,37,'2022-08-18 21:34:41'),(246,2,59,36,'2022-08-18 21:34:42'),(247,2,59,35,'2022-08-18 21:34:44'),(248,1,59,34,'2022-08-18 21:34:45'),(249,1,59,33,'2022-08-18 21:34:46'),(250,2,59,32,'2022-08-18 21:34:48'),(251,2,59,28,'2022-08-18 21:34:50'),(252,1,59,25,'2022-08-18 21:34:52'),(253,2,59,26,'2022-08-18 21:34:52'),(254,2,59,24,'2022-08-18 21:34:53'),(255,1,59,23,'2022-08-18 21:34:55'),(256,2,59,19,'2022-08-18 21:34:56'),(257,1,59,18,'2022-08-18 21:34:57'),(258,2,59,17,'2022-08-18 21:34:58'),(259,1,59,16,'2022-08-18 21:34:58'),(260,2,59,15,'2022-08-18 21:34:59'),(261,2,59,14,'2022-08-18 21:35:01'),(262,1,59,12,'2022-08-18 21:35:01'),(263,2,59,11,'2022-08-18 21:35:02'),(264,1,59,10,'2022-08-18 21:35:03'),(265,2,59,9,'2022-08-18 21:35:04'),(266,2,60,40,'2022-08-18 21:36:10'),(267,1,60,39,'2022-08-18 21:36:10'),(268,1,60,41,'2022-08-18 21:38:34'),(269,1,60,42,'2022-08-18 21:39:14'),(270,1,61,43,'2022-08-18 21:42:43'),(271,2,61,42,'2022-08-18 21:42:45'),(272,1,61,41,'2022-08-18 21:42:46'),(273,2,61,40,'2022-08-18 21:42:48'),(274,2,61,39,'2022-08-18 21:42:50'),(275,1,61,38,'2022-08-18 21:42:52'),(276,2,61,37,'2022-08-18 21:42:54'),(277,1,61,36,'2022-08-18 21:42:56'),(278,1,61,35,'2022-08-18 21:42:57'),(279,2,61,34,'2022-08-18 21:43:00'),(280,1,61,33,'2022-08-18 21:43:01'),(281,2,61,32,'2022-08-18 21:43:01'),(282,1,62,44,'2022-08-18 21:45:04'),(283,2,62,43,'2022-08-18 21:45:07'),(284,1,62,42,'2022-08-18 21:45:08'),(285,2,62,41,'2022-08-18 21:45:09'),(286,1,62,40,'2022-08-18 21:45:10'),(287,2,62,39,'2022-08-18 21:45:12'),(288,1,62,38,'2022-08-18 21:45:13'),(289,2,62,37,'2022-08-18 21:45:14'),(290,1,62,36,'2022-08-18 21:45:15'),(291,1,62,35,'2022-08-18 21:45:17'),(292,2,62,34,'2022-08-18 21:45:17'),(293,1,62,33,'2022-08-18 21:45:19'),(294,1,62,32,'2022-08-18 21:45:20'),(295,2,62,28,'2022-08-18 21:45:21'),(296,1,62,27,'2022-08-18 21:45:22'),(297,2,62,26,'2022-08-18 21:45:23'),(298,2,62,25,'2022-08-18 21:45:24'),(299,2,62,24,'2022-08-18 21:45:26'),(300,1,63,45,'2022-08-18 21:46:53'),(301,2,63,44,'2022-08-18 21:46:54'),(302,1,63,43,'2022-08-18 21:46:56'),(303,1,63,42,'2022-08-18 21:46:57'),(304,2,63,46,'2022-08-18 21:48:06'),(305,1,64,46,'2022-08-18 21:48:38'),(306,2,64,45,'2022-08-18 21:48:40'),(307,1,64,44,'2022-08-18 21:48:40'),(308,2,64,43,'2022-08-18 21:48:42'),(309,2,64,42,'2022-08-18 21:48:43'),(310,2,64,41,'2022-08-18 21:48:44'),(311,1,64,40,'2022-08-18 21:48:46'),(312,1,64,39,'2022-08-18 21:48:48'),(313,1,64,38,'2022-08-18 21:48:48'),(314,1,64,37,'2022-08-18 21:48:50'),(315,2,64,36,'2022-08-18 21:48:51'),(316,2,64,35,'2022-08-18 21:48:52'),(317,2,64,33,'2022-08-18 21:48:54'),(318,1,64,34,'2022-08-18 21:48:55'),(319,2,64,32,'2022-08-18 21:48:56'),(320,1,64,28,'2022-08-18 21:48:57'),(321,2,64,27,'2022-08-18 21:48:58'),(322,1,64,26,'2022-08-18 21:48:59'),(323,2,64,25,'2022-08-18 21:48:59'),(324,1,64,24,'2022-08-18 21:49:01'),(325,2,64,23,'2022-08-18 21:49:01'),(326,2,64,18,'2022-08-18 21:49:01'),(327,1,64,19,'2022-08-18 21:49:02'),(328,2,64,48,'2022-08-18 21:50:34'),(329,1,64,47,'2022-08-18 21:50:34'),(330,1,55,48,'2022-08-18 21:51:28'),(331,1,55,47,'2022-08-18 21:51:29'),(332,2,55,46,'2022-08-18 21:51:29'),(333,1,55,45,'2022-08-18 21:51:30'),(334,2,55,44,'2022-08-18 21:51:32'),(335,1,55,43,'2022-08-18 21:51:32'),(336,2,55,42,'2022-08-18 21:51:34'),(337,2,55,41,'2022-08-18 21:51:35'),(338,1,55,40,'2022-08-18 21:51:35'),(339,2,55,39,'2022-08-18 21:51:37'),(340,2,55,38,'2022-08-18 21:51:38'),(341,2,55,37,'2022-08-18 21:51:40'),(342,2,55,36,'2022-08-18 21:51:41'),(343,1,55,35,'2022-08-18 21:51:42'),(344,2,56,48,'2022-08-18 21:54:29'),(345,2,56,47,'2022-08-18 21:54:31'),(346,1,56,46,'2022-08-18 21:54:32'),(347,2,56,45,'2022-08-18 21:54:34'),(348,1,56,44,'2022-08-18 21:54:34'),(349,2,56,43,'2022-08-18 21:54:35'),(350,2,56,42,'2022-08-18 21:54:39'),(351,1,56,41,'2022-08-18 21:54:39'),(352,1,56,40,'2022-08-18 21:54:41'),(353,2,56,39,'2022-08-18 21:54:41'),(354,1,56,38,'2022-08-18 21:54:42'),(355,2,56,37,'2022-08-18 21:54:43'),(356,1,56,36,'2022-08-18 21:54:45'),(357,1,56,49,'2022-08-18 21:55:17'),(358,2,58,49,'2022-08-18 21:56:16'),(359,1,58,48,'2022-08-18 21:56:18'),(360,1,58,50,'2022-08-18 21:57:33'),(361,1,59,50,'2022-08-18 21:58:43'),(362,2,59,49,'2022-08-18 21:58:45'),(363,1,59,48,'2022-08-18 21:58:47'),(364,1,59,47,'2022-08-18 21:58:48'),(365,1,59,46,'2022-08-18 21:58:49'),(366,2,59,45,'2022-08-18 21:58:50'),(367,1,59,44,'2022-08-18 21:58:52'),(368,2,59,43,'2022-08-18 21:58:52'),(369,1,59,42,'2022-08-18 21:58:53'),(370,2,59,41,'2022-08-18 21:58:53'),(371,1,59,40,'2022-08-18 21:58:55'),(372,2,59,39,'2022-08-18 21:58:56'),(373,2,59,52,'2022-08-18 21:59:03'),(374,2,59,51,'2022-08-18 21:59:06'),(375,1,60,52,'2022-08-18 21:59:59'),(376,2,60,51,'2022-08-18 22:00:00'),(377,1,60,50,'2022-08-18 22:00:01'),(378,2,60,49,'2022-08-18 22:00:02'),(379,1,60,48,'2022-08-18 22:00:02'),(380,2,60,47,'2022-08-18 22:00:04'),(381,2,60,46,'2022-08-18 22:00:04'),(382,1,60,45,'2022-08-18 22:00:05'),(383,2,60,44,'2022-08-18 22:00:07'),(384,2,60,43,'2022-08-18 22:00:08'),(385,1,60,53,'2022-08-18 22:01:14'),(386,2,61,55,'2022-08-18 22:03:09'),(387,1,61,54,'2022-08-18 22:03:09'),(388,2,61,53,'2022-08-18 22:03:13'),(389,1,61,52,'2022-08-18 22:03:15'),(390,2,61,51,'2022-08-18 22:03:17'),(391,1,61,50,'2022-08-18 22:03:18'),(392,2,61,49,'2022-08-18 22:03:19'),(393,1,61,48,'2022-08-18 22:03:21'),(394,1,61,47,'2022-08-18 22:03:21'),(395,1,61,46,'2022-08-18 22:03:24'),(396,1,61,45,'2022-08-18 22:03:25'),(397,1,61,44,'2022-08-18 22:03:26'),(398,1,61,56,'2022-08-18 22:05:29'),(399,2,4,56,'2022-08-18 22:24:42'),(400,1,8,56,'2022-08-18 22:09:59'),(401,2,27,56,'2022-08-18 22:10:00'),(402,2,7,56,'2022-08-18 22:10:02'),(403,2,58,56,'2022-08-18 22:10:24'),(404,1,64,56,'2022-08-18 22:13:45'),(405,1,64,55,'2022-08-18 22:13:46'),(406,2,64,54,'2022-08-18 22:13:47'),(407,1,64,53,'2022-08-18 22:13:48'),(408,2,64,52,'2022-08-18 22:13:49'),(409,1,64,51,'2022-08-18 22:13:51'),(410,1,64,50,'2022-08-18 22:13:52'),(411,2,64,49,'2022-08-18 22:13:53'),(412,1,64,57,'2022-08-18 22:14:24'),(413,2,60,57,'2022-08-18 22:14:53'),(414,2,60,56,'2022-08-18 22:14:54'),(415,2,60,55,'2022-08-18 22:14:55'),(416,2,60,54,'2022-08-18 22:14:56'),(417,2,60,58,'2022-08-18 22:15:38'),(418,1,63,58,'2022-08-18 22:16:11'),(419,2,63,57,'2022-08-18 22:16:12'),(420,1,63,56,'2022-08-18 22:16:13'),(421,1,63,55,'2022-08-18 22:16:15'),(422,2,63,54,'2022-08-18 22:16:16'),(423,2,63,52,'2022-08-18 22:16:18'),(424,1,63,53,'2022-08-18 22:16:19'),(425,1,63,51,'2022-08-18 22:16:20'),(426,1,63,59,'2022-08-18 22:17:05'),(427,1,8,59,'2022-08-18 22:17:42'),(428,2,63,60,'2022-08-18 22:19:26'),(429,2,56,60,'2022-08-18 22:19:51'),(430,1,56,59,'2022-08-18 22:19:52'),(431,2,56,58,'2022-08-18 22:19:53'),(432,1,56,57,'2022-08-18 22:19:54'),(433,1,56,56,'2022-08-18 22:19:55'),(434,2,56,55,'2022-08-18 22:19:57'),(435,1,56,54,'2022-08-18 22:19:58'),(436,2,56,53,'2022-08-18 22:19:59'),(437,2,56,52,'2022-08-18 22:20:00'),(438,1,56,51,'2022-08-18 22:20:00'),(439,1,56,50,'2022-08-18 22:20:01'),(440,2,56,61,'2022-08-18 22:20:51'),(441,1,60,60,'2022-08-18 22:21:59'),(442,1,60,61,'2022-08-18 22:22:00'),(443,2,60,59,'2022-08-18 22:22:02'),(444,2,12,56,'2022-08-18 22:24:41'),(445,1,58,62,'2022-08-18 22:32:56'),(446,2,58,61,'2022-08-18 22:32:57'),(447,2,58,60,'2022-08-18 22:32:58'),(448,2,58,59,'2022-08-18 22:33:00'),(449,1,58,58,'2022-08-18 22:33:01'),(450,2,58,57,'2022-08-18 22:33:02'),(451,1,8,62,'2022-08-18 22:34:23'),(452,2,8,60,'2022-08-18 22:34:32'),(453,1,8,61,'2022-08-18 22:34:34'),(454,1,8,57,'2022-08-18 22:34:56'),(455,1,8,55,'2022-08-18 22:35:03'),(456,2,8,54,'2022-08-18 22:35:17'),(457,1,8,63,'2022-08-18 22:40:57'),(458,1,62,56,'2022-08-18 22:40:58'),(459,2,4,63,'2022-08-18 22:41:01'),(460,2,27,19,'2022-08-19 02:01:46'),(461,2,12,63,'2022-08-18 22:42:16'),(462,2,27,63,'2022-08-18 22:43:59'),(463,2,62,63,'2022-08-18 22:42:34'),(464,2,7,63,'2022-08-18 22:42:49'),(465,2,52,64,'2022-08-18 23:48:26'),(466,2,52,62,'2022-08-18 23:49:55'),(467,1,52,61,'2022-08-18 23:50:04'),(468,2,52,60,'2022-08-18 23:50:04'),(469,1,52,59,'2022-08-18 23:50:05'),(470,1,52,58,'2022-08-18 23:50:06'),(471,2,52,57,'2022-08-18 23:50:08'),(472,1,52,56,'2022-08-18 23:50:09'),(473,2,52,55,'2022-08-18 23:50:09'),(474,1,52,54,'2022-08-18 23:50:10'),(475,2,52,53,'2022-08-18 23:50:11'),(476,2,52,52,'2022-08-18 23:50:11'),(477,1,52,51,'2022-08-18 23:50:12'),(478,2,52,50,'2022-08-18 23:50:13'),(479,1,52,48,'2022-08-18 23:50:13'),(480,1,52,49,'2022-08-18 23:50:14'),(481,1,52,47,'2022-08-18 23:50:15'),(482,2,52,46,'2022-08-18 23:50:15'),(483,2,52,44,'2022-08-18 23:50:16'),(484,1,52,45,'2022-08-18 23:50:17'),(485,2,52,43,'2022-08-18 23:50:17'),(486,1,52,42,'2022-08-18 23:50:19'),(487,2,52,41,'2022-08-18 23:50:20'),(488,2,52,40,'2022-08-18 23:50:21'),(489,1,52,39,'2022-08-18 23:50:22'),(490,2,52,38,'2022-08-18 23:50:22'),(491,1,52,36,'2022-08-18 23:50:23'),(492,1,52,37,'2022-08-18 23:50:23'),(493,2,52,35,'2022-08-18 23:50:24'),(494,1,52,33,'2022-08-18 23:50:25'),(495,1,52,34,'2022-08-18 23:50:26'),(496,1,52,32,'2022-08-18 23:50:27'),(497,2,52,28,'2022-08-18 23:50:29'),(498,2,52,27,'2022-08-18 23:50:30'),(499,1,52,26,'2022-08-18 23:50:31'),(500,1,52,25,'2022-08-18 23:50:32'),(501,2,52,24,'2022-08-18 23:50:32'),(502,2,52,23,'2022-08-18 23:50:33'),(503,1,52,19,'2022-08-18 23:50:35'),(504,1,52,18,'2022-08-18 23:50:37'),(505,1,52,17,'2022-08-18 23:50:38'),(506,2,52,16,'2022-08-18 23:50:39'),(507,2,52,15,'2022-08-18 23:50:40'),(508,1,52,14,'2022-08-18 23:50:42'),(509,1,52,13,'2022-08-18 23:50:44'),(510,2,52,12,'2022-08-18 23:50:45'),(511,1,52,11,'2022-08-18 23:50:46'),(512,2,52,10,'2022-08-18 23:50:47'),(513,1,52,9,'2022-08-18 23:50:48'),(514,1,52,8,'2022-08-18 23:50:50'),(515,2,52,7,'2022-08-18 23:50:50'),(516,1,52,5,'2022-08-18 23:50:51'),(517,1,52,6,'2022-08-18 23:50:53'),(518,2,52,4,'2022-08-18 23:50:54'),(519,2,52,3,'2022-08-18 23:50:56'),(520,1,52,2,'2022-08-18 23:50:59'),(521,2,52,1,'2022-08-18 23:51:01'),(522,2,53,65,'2022-08-18 23:53:26'),(523,2,53,64,'2022-08-18 23:53:28'),(524,1,53,63,'2022-08-18 23:53:31'),(525,2,53,62,'2022-08-18 23:53:32'),(526,1,53,61,'2022-08-18 23:53:34'),(527,1,53,60,'2022-08-18 23:53:36'),(528,1,53,59,'2022-08-18 23:53:39'),(529,2,53,58,'2022-08-18 23:53:43'),(530,1,53,57,'2022-08-18 23:53:45'),(531,2,53,56,'2022-08-18 23:53:47'),(532,2,53,55,'2022-08-18 23:53:48'),(533,2,53,54,'2022-08-18 23:53:49'),(534,2,53,53,'2022-08-18 23:53:50'),(535,1,53,52,'2022-08-18 23:53:52'),(536,2,53,51,'2022-08-18 23:53:53'),(537,1,53,50,'2022-08-18 23:53:54'),(538,2,53,49,'2022-08-18 23:53:55'),(539,1,53,48,'2022-08-18 23:53:56'),(540,2,53,47,'2022-08-18 23:54:02'),(541,1,53,46,'2022-08-18 23:54:04'),(542,2,53,45,'2022-08-18 23:54:07'),(543,1,53,44,'2022-08-18 23:54:08'),(544,1,53,43,'2022-08-18 23:54:10'),(545,2,53,42,'2022-08-18 23:54:12'),(546,2,53,41,'2022-08-18 23:54:13'),(547,1,53,40,'2022-08-18 23:54:14'),(548,1,53,39,'2022-08-18 23:54:15'),(549,1,53,38,'2022-08-18 23:54:19'),(550,1,53,37,'2022-08-18 23:54:21'),(551,1,53,36,'2022-08-18 23:54:25'),(552,2,53,35,'2022-08-18 23:54:29'),(553,2,53,34,'2022-08-18 23:54:31'),(554,1,53,33,'2022-08-18 23:54:33'),(555,1,53,32,'2022-08-18 23:54:34'),(556,2,53,28,'2022-08-18 23:54:35'),(557,2,53,27,'2022-08-18 23:54:36'),(558,1,53,26,'2022-08-18 23:54:37'),(559,1,53,25,'2022-08-18 23:54:38'),(560,2,53,19,'2022-08-18 23:54:39'),(561,1,53,23,'2022-08-18 23:54:40'),(562,2,53,17,'2022-08-18 23:54:41'),(563,2,54,66,'2022-08-18 23:56:52'),(564,2,54,65,'2022-08-18 23:56:52'),(565,1,54,64,'2022-08-18 23:56:53'),(566,2,54,63,'2022-08-18 23:56:53'),(567,1,54,62,'2022-08-18 23:56:54'),(568,1,54,61,'2022-08-18 23:56:55'),(569,2,54,60,'2022-08-18 23:56:56'),(570,2,54,59,'2022-08-18 23:56:56'),(571,1,54,58,'2022-08-18 23:56:58'),(572,2,54,57,'2022-08-18 23:56:59'),(573,2,54,56,'2022-08-18 23:57:00'),(574,2,54,55,'2022-08-18 23:57:01'),(575,1,54,54,'2022-08-18 23:57:02'),(576,2,54,53,'2022-08-18 23:57:03'),(577,2,54,37,'2022-08-18 23:57:05'),(578,1,54,36,'2022-08-18 23:57:05'),(579,2,54,38,'2022-08-18 23:57:05'),(580,2,54,11,'2022-08-18 23:57:06'),(581,2,54,2,'2022-08-18 23:57:08'),(582,2,54,1,'2022-08-18 23:57:09'),(583,2,54,3,'2022-08-18 23:57:09'),(584,2,54,6,'2022-08-18 23:57:10'),(585,2,54,5,'2022-08-18 23:57:11'),(586,1,54,7,'2022-08-18 23:57:11'),(587,1,54,8,'2022-08-18 23:57:12'),(588,2,54,9,'2022-08-18 23:57:13'),(589,1,54,10,'2022-08-18 23:57:14'),(590,2,54,13,'2022-08-18 23:57:16'),(591,1,54,12,'2022-08-18 23:57:16'),(592,2,54,14,'2022-08-18 23:57:16'),(593,1,54,15,'2022-08-18 23:57:18'),(594,2,54,18,'2022-08-18 23:57:18'),(595,2,28,66,'2022-08-18 23:58:42'),(596,1,29,66,'2022-08-19 00:20:11'),(597,2,12,66,'2022-08-18 23:58:45'),(598,1,36,66,'2022-08-18 23:59:34'),(599,2,11,66,'2022-08-19 00:02:25'),(600,2,36,67,'2022-08-19 00:06:58'),(601,1,36,65,'2022-08-19 00:07:00'),(602,2,36,64,'2022-08-19 00:07:00'),(603,2,36,60,'2022-08-19 00:07:02'),(604,2,36,59,'2022-08-19 00:07:02'),(605,2,36,25,'2022-08-19 00:07:05'),(606,1,36,24,'2022-08-19 00:07:05'),(607,1,36,26,'2022-08-19 00:07:07'),(608,2,36,28,'2022-08-19 00:07:07'),(609,2,36,27,'2022-08-19 00:07:08'),(610,1,36,32,'2022-08-19 00:07:09'),(611,1,36,33,'2022-08-19 00:07:10'),(612,1,36,34,'2022-08-19 00:07:11'),(613,2,36,35,'2022-08-19 00:07:11'),(614,2,36,36,'2022-08-19 00:07:12'),(615,2,36,37,'2022-08-19 00:07:13'),(616,1,36,38,'2022-08-19 00:07:14'),(617,2,36,39,'2022-08-19 00:07:14'),(618,1,36,40,'2022-08-19 00:07:15'),(619,2,36,41,'2022-08-19 00:07:15'),(620,2,36,17,'2022-08-19 00:07:24'),(621,2,36,63,'2022-08-19 00:07:39'),(622,1,35,68,'2022-08-19 00:11:11'),(623,2,35,67,'2022-08-19 00:11:14'),(624,2,35,25,'2022-08-19 00:11:19'),(625,2,35,26,'2022-08-19 00:11:23'),(626,2,35,17,'2022-08-19 00:11:24'),(627,1,35,18,'2022-08-19 00:11:27'),(628,2,35,24,'2022-08-19 00:11:30'),(629,2,35,27,'2022-08-19 00:11:40'),(630,2,35,60,'2022-08-19 00:11:52'),(631,1,35,59,'2022-08-19 00:11:53'),(632,2,35,54,'2022-08-19 00:11:54'),(633,2,35,53,'2022-08-19 00:11:55'),(634,1,35,55,'2022-08-19 00:11:55'),(635,1,35,48,'2022-08-19 00:11:57'),(636,2,35,49,'2022-08-19 00:11:57'),(637,1,35,50,'2022-08-19 00:11:58'),(638,1,35,51,'2022-08-19 00:11:59'),(639,2,35,52,'2022-08-19 00:11:59'),(640,1,35,33,'2022-08-19 00:12:03'),(641,1,30,66,'2022-08-19 00:12:32'),(642,2,37,25,'2022-08-19 00:15:06'),(643,2,37,26,'2022-08-19 00:15:08'),(644,2,37,17,'2022-08-19 00:15:10'),(645,2,37,14,'2022-08-19 00:15:14'),(646,1,37,23,'2022-08-19 00:15:16'),(647,2,37,56,'2022-08-19 00:15:19'),(648,2,37,28,'2022-08-19 00:15:21'),(649,2,37,27,'2022-08-19 00:15:26'),(650,2,37,24,'2022-08-19 00:15:29'),(651,1,37,18,'2022-08-19 00:15:32'),(652,1,37,19,'2022-08-19 00:15:33'),(653,2,38,66,'2022-08-19 00:17:47'),(654,1,38,70,'2022-08-19 00:19:53'),(655,2,38,69,'2022-08-19 00:19:55'),(656,1,38,68,'2022-08-19 00:19:56'),(657,2,38,67,'2022-08-19 00:19:56'),(658,2,38,65,'2022-08-19 00:19:59'),(659,1,38,64,'2022-08-19 00:20:00'),(660,2,38,63,'2022-08-19 00:20:02'),(661,2,38,25,'2022-08-19 00:20:07'),(662,1,38,26,'2022-08-19 00:20:09'),(663,2,38,17,'2022-08-19 00:20:11'),(664,1,38,19,'2022-08-19 00:20:12'),(665,1,38,18,'2022-08-19 00:20:14'),(666,1,12,70,'2022-08-19 00:23:50'),(667,2,11,70,'2022-08-19 00:24:03'),(668,1,30,70,'2022-08-19 00:23:26'),(669,2,29,70,'2022-08-19 00:23:27'),(670,2,28,70,'2022-08-19 00:23:32'),(671,2,38,37,'2022-08-19 00:24:25'),(672,1,38,36,'2022-08-19 00:24:26'),(673,2,38,33,'2022-08-19 00:24:28'),(674,1,38,16,'2022-08-19 00:24:29'),(675,1,38,15,'2022-08-19 00:24:30'),(676,2,38,14,'2022-08-19 00:24:31'),(677,2,38,56,'2022-08-19 00:24:32'),(678,1,38,27,'2022-08-19 00:24:34'),(679,2,65,70,'2022-08-19 00:25:00'),(680,1,65,71,'2022-08-19 00:25:08'),(681,2,65,68,'2022-08-19 00:25:21'),(682,1,65,69,'2022-08-19 00:25:23'),(683,1,65,67,'2022-08-19 00:25:25'),(684,2,65,66,'2022-08-19 00:25:27'),(685,1,65,65,'2022-08-19 00:25:33'),(686,2,65,64,'2022-08-19 00:25:35'),(687,1,65,63,'2022-08-19 00:25:55'),(688,1,65,62,'2022-08-19 00:25:58'),(689,2,65,61,'2022-08-19 00:25:59'),(690,1,65,60,'2022-08-19 00:26:01'),(691,2,65,59,'2022-08-19 00:26:03'),(692,1,65,58,'2022-08-19 00:26:03'),(693,2,65,57,'2022-08-19 00:26:04'),(694,1,65,56,'2022-08-19 00:26:05'),(695,2,65,55,'2022-08-19 00:26:05'),(696,2,65,54,'2022-08-19 00:26:06'),(697,1,65,52,'2022-08-19 00:26:08'),(698,1,65,53,'2022-08-19 00:26:08'),(699,2,65,50,'2022-08-19 00:26:09'),(700,1,65,51,'2022-08-19 00:26:09'),(701,1,65,49,'2022-08-19 00:26:12'),(702,1,65,48,'2022-08-19 00:26:13'),(703,2,65,47,'2022-08-19 00:26:13'),(704,1,65,46,'2022-08-19 00:26:15'),(705,1,39,71,'2022-08-19 00:26:16'),(706,2,65,45,'2022-08-19 00:26:16'),(707,1,65,44,'2022-08-19 00:26:16'),(708,1,65,43,'2022-08-19 00:26:17'),(709,2,65,42,'2022-08-19 00:26:18'),(710,1,65,41,'2022-08-19 00:26:19'),(711,2,65,40,'2022-08-19 00:26:20'),(712,1,65,39,'2022-08-19 00:26:21'),(713,1,65,38,'2022-08-19 00:26:22'),(714,2,65,37,'2022-08-19 00:26:23'),(715,2,39,25,'2022-08-19 00:26:23'),(716,1,65,36,'2022-08-19 00:26:23'),(717,1,65,34,'2022-08-19 00:26:25'),(718,1,65,33,'2022-08-19 00:26:25'),(719,2,65,32,'2022-08-19 00:26:26'),(720,1,65,28,'2022-08-19 00:26:27'),(721,2,65,27,'2022-08-19 00:26:28'),(722,1,65,26,'2022-08-19 00:26:28'),(723,2,65,25,'2022-08-19 00:26:29'),(724,2,65,24,'2022-08-19 00:26:30'),(725,2,39,26,'2022-08-19 00:30:16'),(726,2,39,17,'2022-08-19 00:30:23'),(727,1,62,72,'2022-08-19 00:30:40'),(728,1,39,19,'2022-08-19 00:30:41'),(729,1,39,27,'2022-08-19 00:30:45'),(730,2,65,23,'2022-08-19 00:31:09'),(731,1,39,18,'2022-08-19 00:31:10'),(732,1,65,18,'2022-08-19 00:31:10'),(733,1,65,19,'2022-08-19 00:31:11'),(734,2,39,24,'2022-08-19 00:31:12'),(735,2,65,17,'2022-08-19 00:31:13'),(736,1,65,16,'2022-08-19 00:31:13'),(737,1,65,15,'2022-08-19 00:31:13'),(738,2,65,14,'2022-08-19 00:31:13'),(739,1,65,13,'2022-08-19 00:31:14'),(740,1,65,12,'2022-08-19 00:31:14'),(741,2,65,11,'2022-08-19 00:31:15'),(742,1,65,10,'2022-08-19 00:31:16'),(743,2,65,9,'2022-08-19 00:31:17'),(744,2,65,8,'2022-08-19 00:31:17'),(745,2,65,7,'2022-08-19 00:31:18'),(746,1,65,6,'2022-08-19 00:31:18'),(747,1,65,4,'2022-08-19 00:31:19'),(748,2,65,3,'2022-08-19 00:31:20'),(749,2,39,69,'2022-08-19 00:31:21'),(750,1,65,2,'2022-08-19 00:31:21'),(751,1,65,1,'2022-08-19 00:31:21'),(752,2,39,70,'2022-08-19 00:31:25'),(753,1,39,66,'2022-08-19 00:31:27'),(754,2,39,61,'2022-08-19 00:31:29'),(755,1,39,62,'2022-08-19 00:31:29'),(756,2,39,60,'2022-08-19 00:31:30'),(757,1,39,59,'2022-08-19 00:31:31'),(758,1,39,54,'2022-08-19 00:31:32'),(759,2,39,53,'2022-08-19 00:31:32'),(760,2,65,72,'2022-08-19 00:31:39'),(761,1,39,28,'2022-08-19 00:31:46'),(762,2,39,4,'2022-08-19 00:31:48'),(763,1,66,71,'2022-08-19 00:33:03'),(764,1,66,72,'2022-08-19 00:33:03'),(765,1,66,70,'2022-08-19 00:33:05'),(766,2,66,69,'2022-08-19 00:33:06'),(767,1,66,68,'2022-08-19 00:33:07'),(768,1,66,67,'2022-08-19 00:33:08'),(769,1,66,66,'2022-08-19 00:33:10'),(770,2,66,65,'2022-08-19 00:33:11'),(771,1,66,64,'2022-08-19 00:33:12'),(772,2,66,63,'2022-08-19 00:33:13'),(773,1,66,62,'2022-08-19 00:33:14'),(774,1,66,61,'2022-08-19 00:33:15'),(775,1,66,60,'2022-08-19 00:33:16'),(776,2,66,59,'2022-08-19 00:33:18'),(777,1,66,58,'2022-08-19 00:33:19'),(778,2,66,57,'2022-08-19 00:33:19'),(779,1,66,56,'2022-08-19 00:33:20'),(780,2,66,55,'2022-08-19 00:33:21'),(781,1,66,54,'2022-08-19 00:33:23'),(782,1,66,53,'2022-08-19 00:33:23'),(783,2,66,52,'2022-08-19 00:33:24'),(784,1,66,51,'2022-08-19 00:33:24'),(785,1,66,50,'2022-08-19 00:33:25'),(786,1,66,48,'2022-08-19 00:33:26'),(787,2,66,49,'2022-08-19 00:33:26'),(788,2,66,47,'2022-08-19 00:33:27'),(789,1,66,46,'2022-08-19 00:33:27'),(790,1,66,45,'2022-08-19 00:33:28'),(791,1,66,44,'2022-08-19 00:33:29'),(792,2,66,43,'2022-08-19 00:33:30'),(793,1,66,42,'2022-08-19 00:33:30'),(794,1,66,40,'2022-08-19 00:33:31'),(795,2,66,41,'2022-08-19 00:33:33'),(796,1,66,39,'2022-08-19 00:33:34'),(797,1,66,38,'2022-08-19 00:33:34'),(798,1,66,37,'2022-08-19 00:33:35'),(799,2,66,36,'2022-08-19 00:33:36'),(800,2,66,35,'2022-08-19 00:33:36'),(801,1,66,34,'2022-08-19 00:33:37'),(802,2,66,33,'2022-08-19 00:33:38'),(803,1,66,32,'2022-08-19 00:33:38'),(804,2,66,28,'2022-08-19 00:33:39'),(805,1,66,26,'2022-08-19 00:33:41'),(806,2,66,27,'2022-08-19 00:33:41'),(807,1,66,25,'2022-08-19 00:33:42'),(808,1,66,24,'2022-08-19 00:33:43'),(809,2,40,72,'2022-08-19 00:33:43'),(810,2,66,23,'2022-08-19 00:33:44'),(811,1,40,71,'2022-08-19 00:33:44'),(812,1,66,19,'2022-08-19 00:33:44'),(813,2,40,73,'2022-08-19 00:33:44'),(814,2,66,18,'2022-08-19 00:33:45'),(815,1,66,17,'2022-08-19 00:33:45'),(816,2,40,67,'2022-08-19 00:33:45'),(817,1,40,66,'2022-08-19 00:33:46'),(818,1,66,16,'2022-08-19 00:33:46'),(819,1,66,15,'2022-08-19 00:33:46'),(820,1,40,68,'2022-08-19 00:33:47'),(821,2,66,13,'2022-08-19 00:33:47'),(822,1,66,12,'2022-08-19 00:33:47'),(823,2,40,69,'2022-08-19 00:33:48'),(824,2,66,14,'2022-08-19 00:33:49'),(825,1,40,70,'2022-08-19 00:33:49'),(826,2,66,10,'2022-08-19 00:33:50'),(827,2,40,55,'2022-08-19 00:33:50'),(828,1,66,11,'2022-08-19 00:33:51'),(829,2,40,56,'2022-08-19 00:33:52'),(830,1,66,9,'2022-08-19 00:33:52'),(831,1,40,57,'2022-08-19 00:33:53'),(832,2,66,8,'2022-08-19 00:33:53'),(833,1,66,7,'2022-08-19 00:33:53'),(834,2,40,51,'2022-08-19 00:33:54'),(835,1,66,6,'2022-08-19 00:33:54'),(836,1,66,5,'2022-08-19 00:33:54'),(837,2,40,52,'2022-08-19 00:33:54'),(838,1,40,50,'2022-08-19 00:33:55'),(839,2,66,4,'2022-08-19 00:33:55'),(840,1,66,3,'2022-08-19 00:33:55'),(841,2,40,49,'2022-08-19 00:33:56'),(842,2,66,2,'2022-08-19 00:33:56'),(843,1,66,1,'2022-08-19 00:33:57'),(844,1,40,48,'2022-08-19 00:33:57'),(845,2,40,47,'2022-08-19 00:33:58'),(846,1,40,46,'2022-08-19 00:34:00'),(847,2,40,45,'2022-08-19 00:34:00'),(848,2,40,43,'2022-08-19 00:34:01'),(849,2,40,25,'2022-08-19 00:34:07'),(850,2,40,26,'2022-08-19 00:34:09'),(851,2,40,17,'2022-08-19 00:34:11'),(852,2,40,18,'2022-08-19 00:34:20'),(853,1,40,27,'2022-08-19 00:34:24'),(854,2,40,24,'2022-08-19 00:34:27'),(855,1,40,28,'2022-08-19 00:34:29'),(856,2,40,14,'2022-08-19 00:34:32'),(857,1,40,23,'2022-08-19 00:34:33'),(858,1,69,74,'2022-08-19 00:36:28'),(859,2,69,73,'2022-08-19 00:36:30'),(860,1,69,72,'2022-08-19 00:36:31'),(861,1,69,71,'2022-08-19 00:36:32'),(862,2,69,70,'2022-08-19 00:36:33'),(863,1,69,69,'2022-08-19 00:36:34'),(864,2,69,68,'2022-08-19 00:36:36'),(865,1,69,67,'2022-08-19 00:36:36'),(866,2,69,66,'2022-08-19 00:36:37'),(867,1,69,65,'2022-08-19 00:36:38'),(868,2,69,64,'2022-08-19 00:36:38'),(869,1,69,63,'2022-08-19 00:36:39'),(870,2,69,62,'2022-08-19 00:36:39'),(871,1,69,61,'2022-08-19 00:36:41'),(872,1,69,60,'2022-08-19 00:36:43'),(873,2,69,59,'2022-08-19 00:36:43'),(874,1,69,58,'2022-08-19 00:36:44'),(875,1,69,57,'2022-08-19 00:36:44'),(876,2,69,56,'2022-08-19 00:36:45'),(877,1,69,55,'2022-08-19 00:36:46'),(878,2,69,54,'2022-08-19 00:36:47'),(879,1,69,53,'2022-08-19 00:36:47'),(880,1,69,52,'2022-08-19 00:36:49'),(881,2,69,51,'2022-08-19 00:36:49'),(882,1,69,50,'2022-08-19 00:36:50'),(883,1,69,49,'2022-08-19 00:36:50'),(884,2,69,48,'2022-08-19 00:36:52'),(885,2,69,47,'2022-08-19 00:36:53'),(886,1,69,46,'2022-08-19 00:36:53'),(887,1,69,45,'2022-08-19 00:36:55'),(888,2,69,44,'2022-08-19 00:36:55'),(889,1,69,43,'2022-08-19 00:36:56'),(890,2,69,42,'2022-08-19 00:36:57'),(891,1,69,41,'2022-08-19 00:36:57'),(892,1,69,39,'2022-08-19 00:36:58'),(893,1,69,40,'2022-08-19 00:36:58'),(894,1,69,38,'2022-08-19 00:36:59'),(895,2,69,37,'2022-08-19 00:37:00'),(896,2,69,36,'2022-08-19 00:37:01'),(897,1,69,35,'2022-08-19 00:37:02'),(898,2,69,34,'2022-08-19 00:37:03'),(899,1,69,33,'2022-08-19 00:37:03'),(900,1,69,32,'2022-08-19 00:37:04'),(901,1,69,27,'2022-08-19 00:37:05'),(902,2,69,28,'2022-08-19 00:37:05'),(903,2,69,26,'2022-08-19 00:37:06'),(904,2,69,24,'2022-08-19 00:37:08'),(905,1,69,25,'2022-08-19 00:37:08'),(906,1,69,23,'2022-08-19 00:37:08'),(907,2,69,19,'2022-08-19 00:37:09'),(908,1,69,18,'2022-08-19 00:37:09'),(909,2,69,17,'2022-08-19 00:37:10'),(910,1,69,16,'2022-08-19 00:37:10'),(911,1,69,14,'2022-08-19 00:37:25'),(912,2,69,15,'2022-08-19 00:37:25'),(913,2,41,75,'2022-08-19 00:37:49'),(914,1,41,74,'2022-08-19 00:37:56'),(915,1,41,72,'2022-08-19 00:37:59'),(916,2,41,73,'2022-08-19 00:37:59'),(917,2,41,71,'2022-08-19 00:38:02'),(918,2,41,70,'2022-08-19 00:38:08'),(919,2,41,69,'2022-08-19 00:38:33'),(920,1,41,68,'2022-08-19 00:38:36'),(921,2,41,25,'2022-08-19 00:38:42'),(922,1,69,76,'2022-08-19 00:39:41'),(923,2,69,75,'2022-08-19 00:39:42'),(924,2,41,17,'2022-08-19 00:40:01'),(925,1,41,18,'2022-08-19 00:40:05'),(926,1,41,19,'2022-08-19 00:40:07'),(927,2,41,27,'2022-08-19 00:40:18'),(928,2,71,76,'2022-08-19 00:40:19'),(929,1,71,75,'2022-08-19 00:40:20'),(930,2,71,74,'2022-08-19 00:40:21'),(931,1,71,73,'2022-08-19 00:40:22'),(932,2,71,72,'2022-08-19 00:40:23'),(933,1,71,71,'2022-08-19 00:40:23'),(934,2,71,70,'2022-08-19 00:40:24'),(935,1,71,69,'2022-08-19 00:40:26'),(936,1,71,68,'2022-08-19 00:40:26'),(937,2,71,67,'2022-08-19 00:40:27'),(938,1,71,66,'2022-08-19 00:40:27'),(939,1,71,65,'2022-08-19 00:40:30'),(940,2,71,64,'2022-08-19 00:40:30'),(941,1,71,63,'2022-08-19 00:40:31'),(942,2,71,62,'2022-08-19 00:40:31'),(943,1,71,61,'2022-08-19 00:40:32'),(944,2,71,60,'2022-08-19 00:40:33'),(945,1,71,59,'2022-08-19 00:40:34'),(946,2,71,58,'2022-08-19 00:40:34'),(947,1,71,57,'2022-08-19 00:40:35'),(948,2,71,56,'2022-08-19 00:40:36'),(949,1,71,55,'2022-08-19 00:40:37'),(950,2,71,54,'2022-08-19 00:40:38'),(951,1,71,53,'2022-08-19 00:40:38'),(952,2,71,52,'2022-08-19 00:40:39'),(953,1,71,51,'2022-08-19 00:40:40'),(954,2,71,50,'2022-08-19 00:40:41'),(955,1,71,49,'2022-08-19 00:40:41'),(956,1,71,48,'2022-08-19 00:40:43'),(957,2,71,47,'2022-08-19 00:40:43'),(958,1,71,46,'2022-08-19 00:40:43'),(959,2,71,44,'2022-08-19 00:40:44'),(960,1,71,43,'2022-08-19 00:40:44'),(961,1,71,45,'2022-08-19 00:40:45'),(962,2,41,76,'2022-08-19 00:40:45'),(963,2,71,42,'2022-08-19 00:40:46'),(964,1,71,41,'2022-08-19 00:40:48'),(965,1,71,40,'2022-08-19 00:40:48'),(966,2,71,39,'2022-08-19 00:40:49'),(967,1,71,38,'2022-08-19 00:40:49'),(968,1,71,36,'2022-08-19 00:40:51'),(969,2,71,37,'2022-08-19 00:40:51'),(970,1,71,35,'2022-08-19 00:40:52'),(971,2,71,34,'2022-08-19 00:40:52'),(972,1,71,33,'2022-08-19 00:40:53'),(973,2,71,32,'2022-08-19 00:40:54'),(974,1,71,28,'2022-08-19 00:40:54'),(975,1,71,27,'2022-08-19 00:40:55'),(976,2,71,26,'2022-08-19 00:40:56'),(977,2,71,24,'2022-08-19 00:40:58'),(978,1,71,25,'2022-08-19 00:40:58'),(979,1,71,23,'2022-08-19 00:40:58'),(980,1,71,18,'2022-08-19 00:40:59'),(981,1,71,19,'2022-08-19 00:41:00'),(982,2,71,17,'2022-08-19 00:41:01'),(983,2,71,15,'2022-08-19 00:41:03'),(984,1,71,16,'2022-08-19 00:41:03'),(985,2,71,14,'2022-08-19 00:41:04'),(986,1,71,13,'2022-08-19 00:41:04'),(987,1,71,12,'2022-08-19 00:41:05'),(988,1,71,10,'2022-08-19 00:41:08'),(989,2,71,11,'2022-08-19 00:41:08'),(990,1,71,9,'2022-08-19 00:41:08'),(991,2,71,8,'2022-08-19 00:41:09'),(992,1,71,7,'2022-08-19 00:41:10'),(993,1,71,6,'2022-08-19 00:41:10'),(994,2,71,5,'2022-08-19 00:41:11'),(995,1,71,4,'2022-08-19 00:41:12'),(996,1,71,3,'2022-08-19 00:41:13'),(997,1,71,2,'2022-08-19 00:41:14'),(998,2,71,1,'2022-08-19 00:41:14'),(999,1,42,25,'2022-08-19 00:42:59'),(1000,1,71,78,'2022-08-19 00:43:20'),(1001,1,71,77,'2022-08-19 00:43:21'),(1002,2,42,17,'2022-08-19 00:44:04'),(1003,1,42,18,'2022-08-19 00:44:08'),(1004,2,42,27,'2022-08-19 00:44:16'),(1005,2,42,16,'2022-08-19 00:44:54'),(1006,2,42,15,'2022-08-19 00:44:58'),(1007,2,42,14,'2022-08-19 00:44:59'),(1008,1,42,78,'2022-08-19 00:45:11'),(1009,1,42,77,'2022-08-19 00:45:14'),(1010,2,42,76,'2022-08-19 00:45:16'),(1011,2,42,75,'2022-08-19 00:45:19'),(1012,1,42,74,'2022-08-19 00:45:24'),(1013,2,42,73,'2022-08-19 00:45:26'),(1014,1,42,72,'2022-08-19 00:45:28'),(1015,1,42,71,'2022-08-19 00:45:31'),(1016,2,42,70,'2022-08-19 00:45:35'),(1017,2,42,69,'2022-08-19 00:45:37'),(1018,1,42,68,'2022-08-19 00:45:39'),(1019,1,42,67,'2022-08-19 00:45:41'),(1020,1,42,66,'2022-08-19 00:45:44'),(1021,2,42,65,'2022-08-19 00:45:45'),(1022,1,73,78,'2022-08-19 00:45:49'),(1023,2,73,77,'2022-08-19 00:45:50'),(1024,1,73,76,'2022-08-19 00:45:51'),(1025,2,73,75,'2022-08-19 00:45:53'),(1026,1,73,74,'2022-08-19 00:45:54'),(1027,1,73,73,'2022-08-19 00:45:55'),(1028,2,73,72,'2022-08-19 00:45:56'),(1029,1,73,71,'2022-08-19 00:45:56'),(1030,2,73,70,'2022-08-19 00:45:57'),(1031,2,73,69,'2022-08-19 00:45:58'),(1032,1,73,68,'2022-08-19 00:45:58'),(1033,1,73,67,'2022-08-19 00:45:59'),(1034,2,73,66,'2022-08-19 00:46:00'),(1035,2,73,65,'2022-08-19 00:46:01'),(1036,1,73,63,'2022-08-19 00:46:03'),(1037,2,73,64,'2022-08-19 00:46:03'),(1038,1,73,62,'2022-08-19 00:46:04'),(1039,1,73,60,'2022-08-19 00:46:06'),(1040,2,73,61,'2022-08-19 00:46:06'),(1041,1,73,59,'2022-08-19 00:46:08'),(1042,2,73,58,'2022-08-19 00:46:09'),(1043,1,73,57,'2022-08-19 00:46:09'),(1044,2,73,56,'2022-08-19 00:46:10'),(1045,2,73,55,'2022-08-19 00:46:12'),(1046,1,73,54,'2022-08-19 00:46:13'),(1047,1,73,53,'2022-08-19 00:46:13'),(1048,2,73,52,'2022-08-19 00:46:14'),(1049,1,73,51,'2022-08-19 00:46:15'),(1050,1,73,50,'2022-08-19 00:46:15'),(1051,2,73,49,'2022-08-19 00:46:16'),(1052,1,73,48,'2022-08-19 00:46:18'),(1053,2,73,47,'2022-08-19 00:46:18'),(1054,1,73,46,'2022-08-19 00:46:21'),(1055,1,73,45,'2022-08-19 00:46:21'),(1056,2,73,44,'2022-08-19 00:46:22'),(1057,1,73,43,'2022-08-19 00:46:23'),(1058,2,73,42,'2022-08-19 00:46:24'),(1059,1,73,41,'2022-08-19 00:46:24'),(1060,2,73,40,'2022-08-19 00:46:25'),(1061,1,73,39,'2022-08-19 00:46:28'),(1062,2,73,38,'2022-08-19 00:46:29'),(1063,1,73,37,'2022-08-19 00:46:30'),(1064,1,73,36,'2022-08-19 00:46:30'),(1065,2,73,35,'2022-08-19 00:46:31'),(1066,1,73,34,'2022-08-19 00:46:32'),(1067,2,73,33,'2022-08-19 00:46:32'),(1068,1,73,28,'2022-08-19 00:46:34'),(1069,1,73,27,'2022-08-19 00:46:35'),(1070,2,73,25,'2022-08-19 00:46:36'),(1071,1,73,24,'2022-08-19 00:46:36'),(1072,2,73,26,'2022-08-19 00:46:36'),(1073,1,73,23,'2022-08-19 00:46:37'),(1074,2,73,19,'2022-08-19 00:46:38'),(1075,1,73,18,'2022-08-19 00:46:39'),(1076,2,73,17,'2022-08-19 00:46:40'),(1077,1,73,16,'2022-08-19 00:46:40'),(1078,1,73,14,'2022-08-19 00:46:42'),(1079,2,73,15,'2022-08-19 00:46:42'),(1080,1,73,13,'2022-08-19 00:46:43'),(1081,2,73,12,'2022-08-19 00:46:43'),(1082,2,73,10,'2022-08-19 00:46:44'),(1083,1,73,9,'2022-08-19 00:46:44'),(1084,1,73,11,'2022-08-19 00:46:45'),(1085,2,73,8,'2022-08-19 00:46:47'),(1086,1,73,7,'2022-08-19 00:46:47'),(1087,2,73,6,'2022-08-19 00:46:48'),(1088,1,73,5,'2022-08-19 00:46:48'),(1089,1,73,4,'2022-08-19 00:46:49'),(1090,1,73,3,'2022-08-19 00:46:49'),(1091,2,73,2,'2022-08-19 00:46:50'),(1092,1,73,1,'2022-08-19 00:46:50'),(1093,1,73,79,'2022-08-19 00:47:13'),(1094,2,43,79,'2022-08-19 00:47:55'),(1095,1,43,80,'2022-08-19 00:47:56'),(1096,1,43,78,'2022-08-19 00:47:57'),(1097,2,43,77,'2022-08-19 00:47:59'),(1098,1,43,76,'2022-08-19 00:48:01'),(1099,1,43,75,'2022-08-19 00:48:03'),(1100,2,43,25,'2022-08-19 00:48:08'),(1101,2,43,17,'2022-08-19 00:48:11'),(1102,1,43,18,'2022-08-19 00:48:12'),(1103,1,43,27,'2022-08-19 00:48:22'),(1104,1,74,80,'2022-08-19 00:48:55'),(1105,1,74,81,'2022-08-19 00:48:57'),(1106,2,74,79,'2022-08-19 00:48:58'),(1107,1,74,78,'2022-08-19 00:48:59'),(1108,2,74,77,'2022-08-19 00:49:01'),(1109,1,74,76,'2022-08-19 00:49:02'),(1110,1,74,75,'2022-08-19 00:49:03'),(1111,1,74,74,'2022-08-19 00:49:04'),(1112,1,74,73,'2022-08-19 00:49:05'),(1113,1,74,72,'2022-08-19 00:49:05'),(1114,1,74,71,'2022-08-19 00:49:06'),(1115,2,74,70,'2022-08-19 00:49:07'),(1116,2,74,69,'2022-08-19 00:49:07'),(1117,1,74,68,'2022-08-19 00:49:09'),(1118,2,74,67,'2022-08-19 00:49:10'),(1119,1,74,65,'2022-08-19 00:49:11'),(1120,1,74,66,'2022-08-19 00:49:11'),(1121,2,74,64,'2022-08-19 00:49:12'),(1122,1,74,63,'2022-08-19 00:49:13'),(1123,1,74,61,'2022-08-19 00:49:14'),(1124,2,74,62,'2022-08-19 00:49:14'),(1125,1,74,60,'2022-08-19 00:49:15'),(1126,1,74,59,'2022-08-19 00:49:16'),(1127,2,74,58,'2022-08-19 00:49:16'),(1128,1,74,57,'2022-08-19 00:49:19'),(1129,1,74,56,'2022-08-19 00:49:20'),(1130,2,44,81,'2022-08-19 00:49:21'),(1131,1,74,54,'2022-08-19 00:49:21'),(1132,2,74,55,'2022-08-19 00:49:21'),(1133,2,74,53,'2022-08-19 00:49:23'),(1134,1,74,52,'2022-08-19 00:49:23'),(1135,1,74,51,'2022-08-19 00:49:40'),(1136,1,74,50,'2022-08-19 00:49:41'),(1137,2,74,49,'2022-08-19 00:49:42'),(1138,1,74,48,'2022-08-19 00:49:42'),(1139,1,74,47,'2022-08-19 00:50:01'),(1140,2,74,46,'2022-08-19 00:50:01'),(1141,1,74,45,'2022-08-19 00:50:03'),(1142,2,74,44,'2022-08-19 00:50:18'),(1143,1,74,43,'2022-08-19 00:50:24'),(1144,2,74,42,'2022-08-19 00:50:24'),(1145,1,74,41,'2022-08-19 00:50:26'),(1146,2,74,40,'2022-08-19 00:50:27'),(1147,1,74,39,'2022-08-19 00:50:28'),(1148,1,74,35,'2022-08-19 00:50:29'),(1149,1,74,36,'2022-08-19 00:50:30'),(1150,2,74,37,'2022-08-19 00:50:31'),(1151,1,74,34,'2022-08-19 00:50:32'),(1152,2,74,33,'2022-08-19 00:50:33'),(1153,1,74,32,'2022-08-19 00:50:33'),(1154,1,74,28,'2022-08-19 00:50:34'),(1155,2,74,27,'2022-08-19 00:50:34'),(1156,1,74,26,'2022-08-19 00:50:35'),(1157,1,74,25,'2022-08-19 00:50:37'),(1158,2,74,24,'2022-08-19 00:50:37'),(1159,1,74,23,'2022-08-19 00:50:38'),(1160,2,74,19,'2022-08-19 00:50:39'),(1161,1,74,18,'2022-08-19 00:50:39'),(1162,1,74,17,'2022-08-19 00:50:40'),(1163,2,74,16,'2022-08-19 00:50:41'),(1164,1,74,15,'2022-08-19 00:50:42'),(1165,2,74,14,'2022-08-19 00:50:43'),(1166,1,74,13,'2022-08-19 00:50:43'),(1167,2,74,11,'2022-08-19 00:50:45'),(1168,1,74,12,'2022-08-19 00:50:45'),(1169,1,74,10,'2022-08-19 00:50:46'),(1170,2,74,9,'2022-08-19 00:50:47'),(1171,1,74,8,'2022-08-19 00:50:48'),(1172,2,74,7,'2022-08-19 00:50:49'),(1173,1,74,6,'2022-08-19 00:50:49'),(1174,2,74,5,'2022-08-19 00:50:50'),(1175,1,74,4,'2022-08-19 00:50:50'),(1176,1,74,3,'2022-08-19 00:50:51'),(1177,2,74,2,'2022-08-19 00:50:51'),(1178,1,74,1,'2022-08-19 00:50:52'),(1179,1,74,38,'2022-08-19 00:51:03'),(1180,1,44,82,'2022-08-19 00:51:39'),(1181,2,44,75,'2022-08-19 00:51:42'),(1182,2,44,76,'2022-08-19 00:51:43'),(1183,1,44,77,'2022-08-19 00:51:44'),(1184,1,44,78,'2022-08-19 00:51:45'),(1185,2,44,79,'2022-08-19 00:51:47'),(1186,1,44,80,'2022-08-19 00:51:48'),(1187,1,44,62,'2022-08-19 00:51:51'),(1188,2,44,61,'2022-08-19 00:51:53'),(1189,2,44,58,'2022-08-19 00:51:55'),(1190,1,44,57,'2022-08-19 00:51:56'),(1191,2,44,56,'2022-08-19 00:51:57'),(1192,1,44,55,'2022-08-19 00:51:59'),(1193,2,44,54,'2022-08-19 00:51:59'),(1194,2,44,49,'2022-08-19 00:52:01'),(1195,2,44,50,'2022-08-19 00:52:01'),(1196,2,66,83,'2022-08-19 00:52:24'),(1197,1,66,82,'2022-08-19 00:52:25'),(1198,1,66,81,'2022-08-19 00:52:27'),(1199,2,44,71,'2022-08-19 00:52:27'),(1200,1,44,72,'2022-08-19 00:52:28'),(1201,2,66,80,'2022-08-19 00:52:28'),(1202,1,44,73,'2022-08-19 00:52:30'),(1203,1,66,79,'2022-08-19 00:52:30'),(1204,2,66,78,'2022-08-19 00:52:30'),(1205,1,44,69,'2022-08-19 00:52:30'),(1206,1,44,70,'2022-08-19 00:52:31'),(1207,2,44,68,'2022-08-19 00:52:31'),(1208,1,66,77,'2022-08-19 00:52:31'),(1209,2,66,76,'2022-08-19 00:52:32'),(1210,1,44,66,'2022-08-19 00:52:32'),(1211,1,66,75,'2022-08-19 00:52:32'),(1212,2,66,74,'2022-08-19 00:52:33'),(1213,1,44,67,'2022-08-19 00:52:33'),(1214,2,44,65,'2022-08-19 00:52:33'),(1215,1,66,73,'2022-08-19 00:52:34'),(1216,1,44,64,'2022-08-19 00:52:34'),(1217,2,44,63,'2022-08-19 00:52:35'),(1218,2,44,60,'2022-08-19 00:52:36'),(1219,1,44,59,'2022-08-19 00:52:38'),(1220,1,44,53,'2022-08-19 00:52:41'),(1221,1,44,52,'2022-08-19 00:52:41'),(1222,1,44,47,'2022-08-19 00:52:44'),(1223,2,44,44,'2022-08-19 00:52:45'),(1224,1,44,45,'2022-08-19 00:52:45'),(1225,1,44,46,'2022-08-19 00:52:46'),(1226,2,44,43,'2022-08-19 00:52:47'),(1227,1,44,42,'2022-08-19 00:52:47'),(1228,2,44,40,'2022-08-19 00:52:48'),(1229,1,44,41,'2022-08-19 00:52:48'),(1230,1,44,39,'2022-08-19 00:52:49'),(1231,2,44,38,'2022-08-19 00:52:50'),(1232,2,44,36,'2022-08-19 00:52:51'),(1233,1,44,37,'2022-08-19 00:52:51'),(1234,2,44,35,'2022-08-19 00:52:52'),(1235,2,44,34,'2022-08-19 00:52:53'),(1236,1,44,33,'2022-08-19 00:52:54'),(1237,1,44,32,'2022-08-19 00:52:54'),(1238,2,44,27,'2022-08-19 00:52:56'),(1239,1,44,28,'2022-08-19 00:52:56'),(1240,1,44,26,'2022-08-19 00:52:57'),(1241,2,44,25,'2022-08-19 00:52:57'),(1242,1,44,23,'2022-08-19 00:52:58'),(1243,1,44,24,'2022-08-19 00:52:59'),(1244,2,44,19,'2022-08-19 00:53:00'),(1245,1,44,18,'2022-08-19 00:53:01'),(1246,2,44,17,'2022-08-19 00:53:01'),(1247,2,44,15,'2022-08-19 00:53:03'),(1248,1,44,16,'2022-08-19 00:53:03'),(1249,1,44,14,'2022-08-19 00:53:05'),(1250,2,44,13,'2022-08-19 00:53:05'),(1251,2,44,12,'2022-08-19 00:53:06'),(1252,1,44,11,'2022-08-19 00:53:07'),(1253,1,44,9,'2022-08-19 00:53:08'),(1254,2,44,8,'2022-08-19 00:53:09'),(1255,1,44,7,'2022-08-19 00:53:10'),(1256,2,44,6,'2022-08-19 00:53:11'),(1257,1,44,4,'2022-08-19 00:53:12'),(1258,2,44,5,'2022-08-19 00:53:12'),(1259,2,44,3,'2022-08-19 00:53:15'),(1260,1,44,2,'2022-08-19 00:53:17'),(1261,2,44,1,'2022-08-19 00:53:19'),(1262,2,69,83,'2022-08-19 00:53:24'),(1263,1,69,82,'2022-08-19 00:53:25'),(1264,1,69,81,'2022-08-19 00:53:26'),(1265,2,69,80,'2022-08-19 00:53:27'),(1266,2,69,79,'2022-08-19 00:53:27'),(1267,2,69,78,'2022-08-19 00:53:28'),(1268,1,69,77,'2022-08-19 00:53:29'),(1269,2,69,13,'2022-08-19 00:54:21'),(1270,2,69,12,'2022-08-19 00:54:24'),(1271,2,69,84,'2022-08-19 00:55:15'),(1272,1,71,84,'2022-08-19 00:55:46'),(1273,2,71,83,'2022-08-19 00:55:46'),(1274,1,71,82,'2022-08-19 00:55:48'),(1275,2,71,81,'2022-08-19 00:55:49'),(1276,1,71,80,'2022-08-19 00:55:50'),(1277,2,71,79,'2022-08-19 00:55:50'),(1278,1,71,85,'2022-08-19 00:56:44'),(1279,2,73,85,'2022-08-19 00:57:17'),(1280,1,73,84,'2022-08-19 00:57:19'),(1281,2,73,83,'2022-08-19 00:57:20'),(1282,1,73,82,'2022-08-19 00:57:21'),(1283,2,73,81,'2022-08-19 00:57:21'),(1284,1,73,80,'2022-08-19 00:57:22'),(1285,2,73,86,'2022-08-19 00:57:56'),(1286,1,70,86,'2022-08-19 00:58:55'),(1287,1,70,85,'2022-08-19 00:58:56'),(1288,2,70,84,'2022-08-19 00:58:57'),(1289,1,70,83,'2022-08-19 00:58:58'),(1290,2,70,82,'2022-08-19 00:59:03'),(1291,2,70,81,'2022-08-19 00:59:27'),(1292,2,70,80,'2022-08-19 00:59:29'),(1293,2,70,78,'2022-08-19 00:59:35'),(1294,1,70,77,'2022-08-19 00:59:36'),(1295,2,70,76,'2022-08-19 00:59:37'),(1296,1,70,75,'2022-08-19 00:59:38'),(1297,1,70,74,'2022-08-19 00:59:45'),(1298,2,70,73,'2022-08-19 00:59:45'),(1299,1,70,72,'2022-08-19 00:59:47'),(1300,2,70,71,'2022-08-19 00:59:49'),(1301,1,70,70,'2022-08-19 00:59:49'),(1302,2,70,69,'2022-08-19 00:59:50'),(1303,1,70,68,'2022-08-19 00:59:52'),(1304,2,70,67,'2022-08-19 00:59:53'),(1305,1,70,66,'2022-08-19 00:59:53'),(1306,2,70,65,'2022-08-19 00:59:54'),(1307,1,70,64,'2022-08-19 00:59:54'),(1308,2,70,63,'2022-08-19 00:59:55'),(1309,1,70,62,'2022-08-19 00:59:56'),(1310,1,70,61,'2022-08-19 00:59:57'),(1311,2,70,60,'2022-08-19 00:59:58'),(1312,2,70,59,'2022-08-19 00:59:59'),(1313,1,70,58,'2022-08-19 00:59:59'),(1314,2,70,57,'2022-08-19 01:00:01'),(1315,2,70,56,'2022-08-19 01:00:02'),(1316,1,70,55,'2022-08-19 01:00:03'),(1317,1,70,54,'2022-08-19 01:00:04'),(1318,2,70,53,'2022-08-19 01:00:04'),(1319,1,70,52,'2022-08-19 01:00:05'),(1320,1,70,51,'2022-08-19 01:00:06'),(1321,2,70,50,'2022-08-19 01:00:07'),(1322,1,70,49,'2022-08-19 01:00:07'),(1323,2,70,48,'2022-08-19 01:00:08'),(1324,2,70,47,'2022-08-19 01:00:09'),(1325,1,70,46,'2022-08-19 01:00:09'),(1326,1,70,45,'2022-08-19 01:00:10'),(1327,1,70,44,'2022-08-19 01:00:10'),(1328,2,70,43,'2022-08-19 01:00:11'),(1329,1,70,42,'2022-08-19 01:00:12'),(1330,1,70,41,'2022-08-19 01:00:13'),(1331,2,70,40,'2022-08-19 01:00:13'),(1332,1,70,39,'2022-08-19 01:00:14'),(1333,1,70,38,'2022-08-19 01:00:14'),(1334,2,70,37,'2022-08-19 01:00:15'),(1335,1,70,36,'2022-08-19 01:00:15'),(1336,2,70,35,'2022-08-19 01:00:16'),(1337,1,70,34,'2022-08-19 01:00:16'),(1338,2,70,33,'2022-08-19 01:00:17'),(1339,1,70,32,'2022-08-19 01:00:18'),(1340,1,70,28,'2022-08-19 01:00:19'),(1341,2,70,27,'2022-08-19 01:00:19'),(1342,1,70,26,'2022-08-19 01:00:20'),(1343,2,70,25,'2022-08-19 01:00:20'),(1344,2,70,24,'2022-08-19 03:31:06'),(1345,2,70,23,'2022-08-19 01:00:22'),(1346,1,70,19,'2022-08-19 01:00:22'),(1347,1,70,17,'2022-08-19 01:00:23'),(1348,2,70,18,'2022-08-19 01:00:23'),(1349,2,70,16,'2022-08-19 01:00:27'),(1350,1,70,15,'2022-08-19 01:00:54'),(1351,1,70,87,'2022-08-19 01:01:03'),(1352,1,70,14,'2022-08-19 01:01:55'),(1353,1,70,13,'2022-08-19 01:01:56'),(1354,2,70,12,'2022-08-19 01:01:57'),(1355,2,70,10,'2022-08-19 01:01:58'),(1356,2,70,11,'2022-08-19 01:01:59'),(1357,1,70,9,'2022-08-19 01:02:00'),(1358,2,70,8,'2022-08-19 01:02:02'),(1359,1,70,7,'2022-08-19 01:02:03'),(1360,1,70,6,'2022-08-19 01:02:03'),(1361,2,70,5,'2022-08-19 01:02:04'),(1362,1,70,4,'2022-08-19 01:02:04'),(1363,2,70,3,'2022-08-19 01:02:05'),(1364,1,70,2,'2022-08-19 01:02:05'),(1365,1,70,1,'2022-08-19 01:02:06'),(1366,2,66,87,'2022-08-19 01:04:09'),(1367,1,66,86,'2022-08-19 01:04:10'),(1368,1,66,85,'2022-08-19 01:04:15'),(1369,2,66,84,'2022-08-19 01:04:15'),(1370,1,66,88,'2022-08-19 01:04:40'),(1371,2,57,88,'2022-08-19 01:05:10'),(1372,1,57,87,'2022-08-19 01:05:10'),(1373,1,57,86,'2022-08-19 01:05:11'),(1374,2,57,85,'2022-08-19 01:05:12'),(1375,1,57,84,'2022-08-19 01:05:12'),(1376,1,57,83,'2022-08-19 01:05:13'),(1377,2,57,82,'2022-08-19 01:05:14'),(1378,1,57,81,'2022-08-19 01:05:14'),(1379,2,57,80,'2022-08-19 01:05:15'),(1380,1,57,79,'2022-08-19 01:05:16'),(1381,2,57,78,'2022-08-19 01:05:16'),(1382,2,57,77,'2022-08-19 01:05:18'),(1383,2,57,76,'2022-08-19 01:05:19'),(1384,1,57,75,'2022-08-19 01:05:20'),(1385,2,57,74,'2022-08-19 01:05:21'),(1386,1,57,73,'2022-08-19 01:05:22'),(1387,1,57,72,'2022-08-19 01:05:25'),(1388,1,57,71,'2022-08-19 01:05:26'),(1389,1,57,69,'2022-08-19 01:05:27'),(1390,2,57,70,'2022-08-19 01:05:28'),(1391,1,57,68,'2022-08-19 01:05:29'),(1392,2,57,67,'2022-08-19 01:05:29'),(1393,1,57,65,'2022-08-19 01:05:30'),(1394,2,57,64,'2022-08-19 01:05:30'),(1395,2,57,66,'2022-08-19 01:05:31'),(1396,1,57,63,'2022-08-19 01:05:32'),(1397,1,57,62,'2022-08-19 01:05:32'),(1398,2,57,61,'2022-08-19 01:05:33'),(1399,1,57,60,'2022-08-19 01:05:34'),(1400,1,57,59,'2022-08-19 01:05:34'),(1401,2,57,58,'2022-08-19 01:05:35'),(1402,1,57,57,'2022-08-19 01:05:36'),(1403,1,57,56,'2022-08-19 01:05:37'),(1404,2,57,55,'2022-08-19 01:05:38'),(1405,1,57,54,'2022-08-19 01:05:38'),(1406,2,57,53,'2022-08-19 01:05:39'),(1407,1,57,52,'2022-08-19 01:05:39'),(1408,2,57,51,'2022-08-19 01:05:40'),(1409,1,57,50,'2022-08-19 01:05:41'),(1410,2,57,49,'2022-08-19 01:05:42'),(1411,1,57,48,'2022-08-19 01:05:42'),(1412,1,57,47,'2022-08-19 01:05:43'),(1413,2,57,46,'2022-08-19 01:05:44'),(1414,2,57,45,'2022-08-19 01:05:45'),(1415,1,57,44,'2022-08-19 01:05:45'),(1416,2,57,43,'2022-08-19 01:05:46'),(1417,2,57,42,'2022-08-19 01:05:47'),(1418,1,57,41,'2022-08-19 01:05:48'),(1419,2,57,40,'2022-08-19 01:05:48'),(1420,1,57,39,'2022-08-19 01:05:49'),(1421,2,57,38,'2022-08-19 01:05:49'),(1422,1,57,37,'2022-08-19 01:05:50'),(1423,1,57,36,'2022-08-19 01:05:50'),(1424,2,57,35,'2022-08-19 01:05:51'),(1425,1,57,34,'2022-08-19 01:05:52'),(1426,2,57,33,'2022-08-19 01:05:52'),(1427,1,57,32,'2022-08-19 01:05:53'),(1428,2,57,28,'2022-08-19 01:05:54'),(1429,2,57,27,'2022-08-19 01:05:55'),(1430,2,57,26,'2022-08-19 01:05:56'),(1431,1,57,24,'2022-08-19 01:05:56'),(1432,2,57,25,'2022-08-19 01:05:56'),(1433,2,57,23,'2022-08-19 01:05:57'),(1434,1,57,19,'2022-08-19 01:05:58'),(1435,2,57,18,'2022-08-19 01:05:58'),(1436,1,57,17,'2022-08-19 01:05:59'),(1437,1,57,15,'2022-08-19 01:06:00'),(1438,1,57,14,'2022-08-19 01:06:00'),(1439,1,57,16,'2022-08-19 01:06:00'),(1440,2,57,13,'2022-08-19 01:06:01'),(1441,1,57,12,'2022-08-19 01:06:02'),(1442,1,57,9,'2022-08-19 01:06:03'),(1443,1,57,10,'2022-08-19 01:06:04'),(1444,2,57,11,'2022-08-19 01:06:05'),(1445,2,57,8,'2022-08-19 01:06:06'),(1446,2,57,7,'2022-08-19 01:06:07'),(1447,1,57,6,'2022-08-19 01:06:07'),(1448,2,57,3,'2022-08-19 01:06:08'),(1449,1,57,2,'2022-08-19 01:06:08'),(1450,1,57,4,'2022-08-19 01:06:09'),(1451,2,57,5,'2022-08-19 01:06:10'),(1452,2,57,1,'2022-08-19 01:06:11'),(1453,1,57,89,'2022-08-19 01:07:03'),(1454,2,27,89,'2022-08-19 02:01:40'),(1455,1,28,90,'2022-08-19 02:09:36'),(1456,2,28,89,'2022-08-19 02:09:37'),(1457,1,28,88,'2022-08-19 02:09:37'),(1458,2,28,87,'2022-08-19 02:09:43'),(1459,2,28,86,'2022-08-19 02:09:48'),(1460,2,28,85,'2022-08-19 02:09:51'),(1461,1,28,84,'2022-08-19 02:09:54'),(1462,1,28,83,'2022-08-19 02:10:02'),(1463,1,57,91,'2022-08-19 02:10:02'),(1464,2,57,90,'2022-08-19 02:10:04'),(1465,2,28,82,'2022-08-19 02:10:05'),(1466,1,28,81,'2022-08-19 02:10:08'),(1467,1,28,79,'2022-08-19 02:10:16'),(1468,2,28,80,'2022-08-19 02:10:17'),(1469,1,28,78,'2022-08-19 02:10:20'),(1470,1,28,76,'2022-08-19 02:10:21'),(1471,2,28,77,'2022-08-19 02:10:22'),(1472,2,28,75,'2022-08-19 02:10:22'),(1473,1,28,74,'2022-08-19 02:10:23'),(1474,2,28,73,'2022-08-19 02:10:25'),(1475,1,28,72,'2022-08-19 02:10:25'),(1476,2,28,71,'2022-08-19 02:10:26'),(1477,1,28,69,'2022-08-19 02:10:28'),(1478,2,28,68,'2022-08-19 02:10:28'),(1479,1,28,67,'2022-08-19 02:10:30'),(1480,2,28,65,'2022-08-19 02:10:34'),(1481,1,28,64,'2022-08-19 02:10:34'),(1482,2,28,62,'2022-08-19 02:10:36'),(1483,2,28,61,'2022-08-19 02:10:36'),(1484,2,28,60,'2022-08-19 02:10:37'),(1485,1,28,59,'2022-08-19 02:10:38'),(1486,2,28,58,'2022-08-19 02:10:39'),(1487,1,28,57,'2022-08-19 02:10:40'),(1488,1,28,56,'2022-08-19 02:11:21'),(1489,1,28,55,'2022-08-19 02:11:23'),(1490,2,28,53,'2022-08-19 02:11:24'),(1491,1,28,52,'2022-08-19 02:11:24'),(1492,2,28,54,'2022-08-19 02:11:25'),(1493,2,28,51,'2022-08-19 02:11:27'),(1494,1,28,50,'2022-08-19 02:11:28'),(1495,2,28,49,'2022-08-19 02:11:29'),(1496,1,28,48,'2022-08-19 02:11:30'),(1497,1,28,47,'2022-08-19 02:11:34'),(1498,2,28,46,'2022-08-19 02:11:35'),(1499,1,28,45,'2022-08-19 02:11:36'),(1500,2,28,44,'2022-08-19 02:11:36'),(1501,2,28,42,'2022-08-19 02:11:38'),(1502,1,28,41,'2022-08-19 02:11:40'),(1503,2,28,43,'2022-08-19 02:11:41'),(1504,2,28,39,'2022-08-19 02:11:42'),(1505,1,28,40,'2022-08-19 02:11:42'),(1506,1,28,38,'2022-08-19 02:11:44'),(1507,2,28,37,'2022-08-19 02:11:45'),(1508,1,28,36,'2022-08-19 02:11:46'),(1509,1,28,35,'2022-08-19 02:11:48'),(1510,2,28,34,'2022-08-19 02:11:48'),(1511,1,28,33,'2022-08-19 02:11:49'),(1512,2,28,32,'2022-08-19 02:11:50'),(1513,1,28,28,'2022-08-19 02:11:51'),(1514,1,28,27,'2022-08-19 02:11:54'),(1515,1,28,26,'2022-08-19 02:11:55'),(1516,2,28,25,'2022-08-19 02:11:56'),(1517,1,28,24,'2022-08-19 02:11:57'),(1518,2,28,23,'2022-08-19 02:12:01'),(1519,1,28,19,'2022-08-19 02:12:03'),(1520,1,28,18,'2022-08-19 02:12:03'),(1521,2,28,17,'2022-08-19 02:12:04'),(1522,1,28,16,'2022-08-19 02:12:06'),(1523,2,28,15,'2022-08-19 02:12:06'),(1524,1,28,14,'2022-08-19 02:12:08'),(1525,2,28,13,'2022-08-19 02:12:09'),(1526,1,28,12,'2022-08-19 02:12:10'),(1527,1,28,11,'2022-08-19 02:12:11'),(1528,2,28,10,'2022-08-19 02:12:12'),(1529,1,28,9,'2022-08-19 02:12:13'),(1530,2,28,8,'2022-08-19 02:12:13'),(1531,2,28,7,'2022-08-19 02:12:14'),(1532,1,28,6,'2022-08-19 02:12:15'),(1533,2,28,5,'2022-08-19 02:12:17'),(1534,1,28,4,'2022-08-19 02:12:20'),(1535,2,28,3,'2022-08-19 02:12:22'),(1536,2,28,2,'2022-08-19 02:12:22'),(1537,1,28,1,'2022-08-19 02:12:23'),(1538,2,28,91,'2022-08-19 02:12:34'),(1539,2,29,92,'2022-08-19 02:15:13'),(1540,1,29,91,'2022-08-19 02:15:14'),(1541,1,29,90,'2022-08-19 02:15:17'),(1542,1,29,89,'2022-08-19 02:15:19'),(1543,2,29,88,'2022-08-19 02:15:26'),(1544,2,29,87,'2022-08-19 02:15:40'),(1545,2,29,86,'2022-08-19 02:15:42'),(1546,2,29,85,'2022-08-19 02:15:44'),(1547,2,29,84,'2022-08-19 02:15:47'),(1548,1,29,83,'2022-08-19 02:15:49'),(1549,1,29,81,'2022-08-19 02:15:51'),(1550,2,29,82,'2022-08-19 02:15:52'),(1551,1,29,80,'2022-08-19 02:15:53'),(1552,2,29,79,'2022-08-19 02:15:54'),(1553,2,29,77,'2022-08-19 02:15:55'),(1554,1,29,78,'2022-08-19 02:15:55'),(1555,1,29,76,'2022-08-19 02:15:56'),(1556,2,29,75,'2022-08-19 02:15:57'),(1557,1,29,74,'2022-08-19 02:15:58'),(1558,2,29,72,'2022-08-19 02:15:59'),(1559,2,29,73,'2022-08-19 02:16:00'),(1560,1,29,71,'2022-08-19 02:16:01'),(1561,2,29,69,'2022-08-19 02:16:02'),(1562,2,29,68,'2022-08-19 02:16:02'),(1563,1,29,67,'2022-08-19 02:16:04'),(1564,2,29,65,'2022-08-19 02:16:04'),(1565,1,29,64,'2022-08-19 02:16:05'),(1566,2,29,62,'2022-08-19 02:16:06'),(1567,1,29,61,'2022-08-19 02:16:06'),(1568,2,29,60,'2022-08-19 02:16:08'),(1569,1,29,59,'2022-08-19 02:16:08'),(1570,2,29,58,'2022-08-19 02:16:09'),(1571,2,29,57,'2022-08-19 02:16:09'),(1572,1,29,56,'2022-08-19 02:16:10'),(1573,2,29,55,'2022-08-19 02:16:10'),(1574,1,29,54,'2022-08-19 02:16:11'),(1575,1,29,53,'2022-08-19 02:16:12'),(1576,2,29,52,'2022-08-19 02:16:12'),(1577,1,29,51,'2022-08-19 02:16:14'),(1578,1,29,50,'2022-08-19 02:16:15'),(1579,2,29,49,'2022-08-19 02:16:15'),(1580,2,29,48,'2022-08-19 02:16:16'),(1581,1,29,46,'2022-08-19 02:16:16'),(1582,1,29,45,'2022-08-19 02:16:18'),(1583,2,29,44,'2022-08-19 02:16:19'),(1584,2,29,43,'2022-08-19 02:16:19'),(1585,1,29,42,'2022-08-19 02:16:20'),(1586,2,29,40,'2022-08-19 02:16:21'),(1587,2,29,41,'2022-08-19 02:16:21'),(1588,1,29,39,'2022-08-19 02:16:22'),(1589,2,29,38,'2022-08-19 02:16:23'),(1590,1,29,37,'2022-08-19 02:16:24'),(1591,2,29,36,'2022-08-19 02:16:24'),(1592,1,29,35,'2022-08-19 02:16:25'),(1593,1,29,34,'2022-08-19 02:16:26'),(1594,2,29,33,'2022-08-19 02:16:27'),(1595,1,29,32,'2022-08-19 02:16:27'),(1596,2,29,28,'2022-08-19 02:16:28'),(1597,2,29,27,'2022-08-19 02:16:29'),(1598,2,29,25,'2022-08-19 02:16:30'),(1599,1,29,26,'2022-08-19 02:16:30'),(1600,1,29,24,'2022-08-19 02:16:31'),(1601,2,29,23,'2022-08-19 02:16:32'),(1602,1,29,19,'2022-08-19 02:16:36'),(1603,2,29,18,'2022-08-19 02:16:36'),(1604,1,29,17,'2022-08-19 02:16:38'),(1605,2,29,16,'2022-08-19 02:16:39'),(1606,1,29,15,'2022-08-19 02:16:40'),(1607,1,29,14,'2022-08-19 02:16:41'),(1608,2,29,13,'2022-08-19 02:16:42'),(1609,2,29,12,'2022-08-19 02:16:43'),(1610,1,29,11,'2022-08-19 02:16:44'),(1611,2,29,10,'2022-08-19 02:16:45'),(1612,1,29,9,'2022-08-19 02:16:46'),(1613,2,29,7,'2022-08-19 02:16:47'),(1614,2,29,8,'2022-08-19 02:16:47'),(1615,1,29,6,'2022-08-19 02:16:48'),(1616,2,29,5,'2022-08-19 02:16:49'),(1617,1,29,4,'2022-08-19 02:16:50'),(1618,2,29,3,'2022-08-19 02:16:51'),(1619,1,29,2,'2022-08-19 02:16:52'),(1620,2,29,1,'2022-08-19 02:16:52'),(1621,2,72,93,'2022-08-19 02:21:15'),(1622,2,72,92,'2022-08-19 02:21:16'),(1623,1,72,91,'2022-08-19 02:21:19'),(1624,2,72,90,'2022-08-19 02:21:21'),(1625,1,72,89,'2022-08-19 02:21:22'),(1626,2,72,88,'2022-08-19 02:21:23'),(1627,1,72,87,'2022-08-19 02:21:23'),(1628,1,72,86,'2022-08-19 02:21:25'),(1629,2,72,85,'2022-08-19 02:21:26'),(1630,1,72,84,'2022-08-19 02:21:27'),(1631,2,72,83,'2022-08-19 02:21:28'),(1632,1,72,82,'2022-08-19 02:21:29'),(1633,2,72,81,'2022-08-19 02:21:31'),(1634,1,72,80,'2022-08-19 02:21:32'),(1635,2,72,79,'2022-08-19 02:21:33'),(1636,1,72,78,'2022-08-19 02:21:34'),(1637,2,72,77,'2022-08-19 02:21:35'),(1638,1,72,76,'2022-08-19 02:21:35'),(1639,2,72,75,'2022-08-19 02:21:36'),(1640,1,72,74,'2022-08-19 02:21:37'),(1641,1,72,73,'2022-08-19 02:21:37'),(1642,2,72,72,'2022-08-19 02:21:38'),(1643,1,72,71,'2022-08-19 02:21:38'),(1644,2,72,70,'2022-08-19 02:21:39'),(1645,1,72,69,'2022-08-19 02:21:40'),(1646,1,72,68,'2022-08-19 02:21:40'),(1647,2,72,67,'2022-08-19 02:21:41'),(1648,2,72,66,'2022-08-19 02:21:42'),(1649,1,72,65,'2022-08-19 02:21:43'),(1650,2,72,64,'2022-08-19 02:21:44'),(1651,2,72,62,'2022-08-19 02:21:45'),(1652,1,72,61,'2022-08-19 02:21:46'),(1653,1,72,60,'2022-08-19 02:21:48'),(1654,2,72,59,'2022-08-19 02:21:48'),(1655,1,72,57,'2022-08-19 02:21:51'),(1656,1,72,58,'2022-08-19 02:21:51'),(1657,2,72,56,'2022-08-19 02:21:53'),(1658,1,72,55,'2022-08-19 02:21:53'),(1659,1,72,54,'2022-08-19 02:21:54'),(1660,2,72,53,'2022-08-19 02:21:56'),(1661,1,72,52,'2022-08-19 02:21:56'),(1662,1,72,51,'2022-08-19 02:21:57'),(1663,2,72,50,'2022-08-19 02:21:58'),(1664,1,72,49,'2022-08-19 02:21:58'),(1665,2,72,48,'2022-08-19 02:21:59'),(1666,2,72,47,'2022-08-19 02:22:00'),(1667,1,72,46,'2022-08-19 02:22:01'),(1668,1,72,45,'2022-08-19 02:22:01'),(1669,1,72,44,'2022-08-19 02:22:02'),(1670,2,72,43,'2022-08-19 02:22:04'),(1671,1,72,42,'2022-08-19 02:22:05'),(1672,1,72,41,'2022-08-19 02:22:05'),(1673,1,72,40,'2022-08-19 02:22:06'),(1674,2,72,39,'2022-08-19 02:22:07'),(1675,2,72,38,'2022-08-19 02:22:08'),(1676,1,72,37,'2022-08-19 02:22:08'),(1677,2,72,36,'2022-08-19 02:22:09'),(1678,1,72,35,'2022-08-19 02:22:09'),(1679,2,72,34,'2022-08-19 02:22:10'),(1680,2,72,33,'2022-08-19 02:22:11'),(1681,1,72,32,'2022-08-19 02:22:11'),(1682,2,72,28,'2022-08-19 02:22:13'),(1683,1,72,27,'2022-08-19 02:22:13'),(1684,2,72,26,'2022-08-19 02:22:14'),(1685,1,72,25,'2022-08-19 02:22:15'),(1686,2,72,24,'2022-08-19 02:22:15'),(1687,1,72,23,'2022-08-19 02:22:16'),(1688,2,72,19,'2022-08-19 02:22:17'),(1689,1,72,18,'2022-08-19 02:22:18'),(1690,2,72,17,'2022-08-19 02:22:18'),(1691,1,72,16,'2022-08-19 02:22:19'),(1692,2,72,15,'2022-08-19 02:22:20'),(1693,1,72,14,'2022-08-19 02:22:21'),(1694,2,72,13,'2022-08-19 02:22:22'),(1695,1,72,12,'2022-08-19 02:22:23'),(1696,2,72,11,'2022-08-19 02:22:24'),(1697,2,72,10,'2022-08-19 02:22:25'),(1698,1,72,9,'2022-08-19 02:22:25'),(1699,1,72,8,'2022-08-19 02:22:26'),(1700,2,72,7,'2022-08-19 02:22:27'),(1701,1,72,6,'2022-08-19 02:22:27'),(1702,2,72,5,'2022-08-19 02:22:28'),(1703,1,72,4,'2022-08-19 02:22:29'),(1704,2,72,3,'2022-08-19 02:22:30'),(1705,2,72,2,'2022-08-19 02:22:30'),(1706,1,72,1,'2022-08-19 02:22:31'),(1707,2,4,89,'2022-08-19 02:24:10'),(1708,1,68,94,'2022-08-19 02:24:30'),(1709,2,68,93,'2022-08-19 02:24:30'),(1710,1,68,91,'2022-08-19 02:24:33'),(1711,1,68,92,'2022-08-19 02:24:34'),(1712,2,68,90,'2022-08-19 02:24:35'),(1713,1,68,89,'2022-08-19 02:24:35'),(1714,2,68,88,'2022-08-19 02:24:45'),(1715,1,68,87,'2022-08-19 02:24:47'),(1716,1,68,86,'2022-08-19 02:24:47'),(1717,1,68,84,'2022-08-19 02:24:48'),(1718,2,68,85,'2022-08-19 02:24:50'),(1719,1,68,83,'2022-08-19 02:24:50'),(1720,2,68,82,'2022-08-19 02:24:52'),(1721,1,68,81,'2022-08-19 02:24:52'),(1722,2,68,80,'2022-08-19 02:24:53'),(1723,2,68,79,'2022-08-19 02:24:54'),(1724,1,68,78,'2022-08-19 02:24:54'),(1725,1,68,77,'2022-08-19 02:24:56'),(1726,2,68,76,'2022-08-19 02:24:56'),(1727,1,68,75,'2022-08-19 02:24:57'),(1728,2,68,74,'2022-08-19 02:24:58'),(1729,1,68,73,'2022-08-19 02:24:58'),(1730,1,68,72,'2022-08-19 02:24:59'),(1731,1,68,71,'2022-08-19 02:25:00'),(1732,1,68,70,'2022-08-19 02:25:00'),(1733,2,68,69,'2022-08-19 02:25:01'),(1734,1,68,68,'2022-08-19 02:25:02'),(1735,2,68,67,'2022-08-19 02:25:02'),(1736,2,68,66,'2022-08-19 02:25:03'),(1737,2,68,64,'2022-08-19 02:25:04'),(1738,1,68,62,'2022-08-19 02:25:04'),(1739,1,68,65,'2022-08-19 02:25:05'),(1740,2,68,61,'2022-08-19 02:25:06'),(1741,2,68,60,'2022-08-19 02:25:07'),(1742,1,68,59,'2022-08-19 02:25:07'),(1743,1,68,58,'2022-08-19 02:25:08'),(1744,1,68,57,'2022-08-19 02:25:08'),(1745,1,68,54,'2022-08-19 02:25:10'),(1746,2,68,55,'2022-08-19 02:25:10'),(1747,1,68,56,'2022-08-19 02:25:11'),(1748,2,68,53,'2022-08-19 02:25:12'),(1749,2,68,52,'2022-08-19 02:25:14'),(1750,1,68,51,'2022-08-19 02:25:14'),(1751,2,68,50,'2022-08-19 02:25:15'),(1752,1,68,49,'2022-08-19 02:25:16'),(1753,1,68,48,'2022-08-19 02:25:16'),(1754,2,68,47,'2022-08-19 02:25:17'),(1755,1,68,46,'2022-08-19 02:25:17'),(1756,2,68,45,'2022-08-19 02:25:18'),(1757,1,68,44,'2022-08-19 02:25:18'),(1758,2,68,43,'2022-08-19 02:25:19'),(1759,1,68,41,'2022-08-19 02:25:22'),(1760,2,68,42,'2022-08-19 02:25:22'),(1761,1,68,40,'2022-08-19 02:25:23'),(1762,2,68,38,'2022-08-19 02:25:24'),(1763,2,68,39,'2022-08-19 02:25:24'),(1764,1,68,37,'2022-08-19 02:25:26'),(1765,2,68,36,'2022-08-19 02:25:26'),(1766,2,68,35,'2022-08-19 02:25:27'),(1767,1,68,34,'2022-08-19 02:25:27'),(1768,2,68,32,'2022-08-19 02:25:28'),(1769,2,68,33,'2022-08-19 02:25:28'),(1770,1,68,28,'2022-08-19 02:25:29'),(1771,2,68,27,'2022-08-19 02:25:30'),(1772,2,68,26,'2022-08-19 02:25:31'),(1773,1,68,25,'2022-08-19 02:25:31'),(1774,2,68,24,'2022-08-19 02:25:32'),(1775,1,68,23,'2022-08-19 02:25:32'),(1776,1,68,19,'2022-08-19 02:25:34'),(1777,2,68,18,'2022-08-19 02:25:35'),(1778,1,68,17,'2022-08-19 02:25:37'),(1779,2,68,16,'2022-08-19 02:25:38'),(1780,1,68,15,'2022-08-19 02:25:38'),(1781,2,68,14,'2022-08-19 02:25:39'),(1782,2,68,13,'2022-08-19 02:25:40'),(1783,1,68,12,'2022-08-19 02:25:41'),(1784,2,68,11,'2022-08-19 02:25:42'),(1785,1,68,10,'2022-08-19 02:25:43'),(1786,2,68,9,'2022-08-19 02:25:43'),(1787,2,68,6,'2022-08-19 02:25:44'),(1788,1,68,5,'2022-08-19 02:25:44'),(1789,2,68,8,'2022-08-19 02:25:45'),(1790,1,68,7,'2022-08-19 02:25:46'),(1791,2,68,3,'2022-08-19 02:25:47'),(1792,1,68,2,'2022-08-19 02:25:48'),(1793,2,68,4,'2022-08-19 02:25:49'),(1794,1,68,1,'2022-08-19 02:25:50'),(1795,2,30,93,'2022-08-19 02:28:47'),(1796,2,30,92,'2022-08-19 02:28:50'),(1797,1,30,91,'2022-08-19 02:28:52'),(1798,1,30,90,'2022-08-19 02:28:54'),(1799,1,30,89,'2022-08-19 02:28:58'),(1800,1,30,88,'2022-08-19 02:29:01'),(1801,2,30,87,'2022-08-19 02:29:03'),(1802,2,30,86,'2022-08-19 02:29:24'),(1803,1,30,85,'2022-08-19 02:29:26'),(1804,2,30,84,'2022-08-19 02:29:29'),(1805,1,30,83,'2022-08-19 02:29:32'),(1806,1,30,82,'2022-08-19 02:30:04'),(1807,2,30,81,'2022-08-19 02:30:06'),(1808,1,30,80,'2022-08-19 02:30:08'),(1809,1,30,79,'2022-08-19 02:30:10'),(1810,1,30,78,'2022-08-19 02:30:12'),(1811,1,30,77,'2022-08-19 02:30:13'),(1812,2,30,76,'2022-08-19 02:30:17'),(1813,2,30,75,'2022-08-19 02:30:24'),(1814,2,30,74,'2022-08-19 02:30:29'),(1815,1,30,73,'2022-08-19 02:30:31'),(1816,1,30,72,'2022-08-19 02:30:34'),(1817,1,30,71,'2022-08-19 02:30:36'),(1818,2,30,69,'2022-08-19 02:30:38'),(1819,1,30,68,'2022-08-19 02:30:40'),(1820,1,30,67,'2022-08-19 02:30:42'),(1821,2,30,65,'2022-08-19 02:30:46'),(1822,2,30,64,'2022-08-19 02:30:48'),(1823,1,30,62,'2022-08-19 02:30:51'),(1824,1,30,61,'2022-08-19 02:30:52'),(1825,2,30,60,'2022-08-19 02:30:54'),(1826,1,30,59,'2022-08-19 02:30:56'),(1827,2,30,58,'2022-08-19 02:30:59'),(1828,1,30,57,'2022-08-19 02:31:04'),(1829,2,30,56,'2022-08-19 02:31:07'),(1830,1,30,55,'2022-08-19 02:31:09'),(1831,2,30,54,'2022-08-19 02:31:11'),(1832,2,30,53,'2022-08-19 02:31:15'),(1833,1,30,52,'2022-08-19 02:31:49'),(1834,1,30,51,'2022-08-19 02:31:52'),(1835,1,30,50,'2022-08-19 02:31:53'),(1836,2,30,49,'2022-08-19 02:31:56'),(1837,1,30,48,'2022-08-19 02:32:13'),(1838,1,30,47,'2022-08-19 02:32:15'),(1839,1,30,46,'2022-08-19 02:32:17'),(1840,1,30,45,'2022-08-19 02:32:19'),(1841,2,30,44,'2022-08-19 02:32:24'),(1842,1,30,43,'2022-08-19 02:32:27'),(1843,1,30,42,'2022-08-19 02:32:29'),(1844,1,30,41,'2022-08-19 02:32:32'),(1845,1,30,40,'2022-08-19 02:32:34'),(1846,2,30,39,'2022-08-19 02:32:38'),(1847,1,30,38,'2022-08-19 02:32:40'),(1848,1,30,37,'2022-08-19 02:32:42'),(1849,2,30,36,'2022-08-19 02:32:44'),(1850,2,30,35,'2022-08-19 02:32:47'),(1851,1,30,34,'2022-08-19 02:32:52'),(1852,2,30,32,'2022-08-19 02:33:03'),(1853,1,30,33,'2022-08-19 02:33:06'),(1854,1,30,28,'2022-08-19 02:33:08'),(1855,1,30,27,'2022-08-19 02:33:11'),(1856,2,30,26,'2022-08-19 02:33:13'),(1857,2,30,25,'2022-08-19 02:33:15'),(1858,2,30,24,'2022-08-19 02:33:19'),(1859,1,30,23,'2022-08-19 02:33:22'),(1860,1,30,19,'2022-08-19 02:33:24'),(1861,2,30,17,'2022-08-19 02:33:27'),(1862,1,30,18,'2022-08-19 02:33:28'),(1863,1,30,16,'2022-08-19 02:33:30'),(1864,2,30,15,'2022-08-19 02:33:34'),(1865,1,30,14,'2022-08-19 02:33:35'),(1866,2,30,13,'2022-08-19 02:33:37'),(1867,1,30,12,'2022-08-19 02:33:37'),(1868,1,30,11,'2022-08-19 02:33:38'),(1869,2,30,10,'2022-08-19 02:33:39'),(1870,1,30,9,'2022-08-19 02:33:40'),(1871,1,30,7,'2022-08-19 02:33:41'),(1872,2,30,8,'2022-08-19 02:33:42'),(1873,2,30,6,'2022-08-19 02:33:44'),(1874,1,30,5,'2022-08-19 02:33:46'),(1875,1,30,4,'2022-08-19 02:33:47'),(1876,2,30,3,'2022-08-19 02:33:49'),(1877,2,30,2,'2022-08-19 02:33:51'),(1878,2,30,1,'2022-08-19 02:33:53'),(1879,2,31,94,'2022-08-19 02:37:08'),(1880,1,31,95,'2022-08-19 02:37:09'),(1881,1,31,93,'2022-08-19 02:37:10'),(1882,2,31,92,'2022-08-19 02:37:12'),(1883,1,31,91,'2022-08-19 02:37:12'),(1884,1,31,90,'2022-08-19 02:37:14'),(1885,1,31,89,'2022-08-19 02:37:20'),(1886,2,31,88,'2022-08-19 02:37:22'),(1887,1,31,87,'2022-08-19 02:37:24'),(1888,2,31,86,'2022-08-19 02:37:26'),(1889,1,31,85,'2022-08-19 02:37:27'),(1890,1,31,84,'2022-08-19 02:37:27'),(1891,2,31,83,'2022-08-19 02:37:28'),(1892,1,31,82,'2022-08-19 02:37:29'),(1893,1,31,81,'2022-08-19 02:37:30'),(1894,2,31,80,'2022-08-19 02:37:30'),(1895,1,31,79,'2022-08-19 02:37:31'),(1896,2,31,78,'2022-08-19 02:37:32'),(1897,1,31,77,'2022-08-19 02:37:34'),(1898,2,31,75,'2022-08-19 02:37:49'),(1899,2,31,76,'2022-08-19 02:37:50'),(1900,1,31,74,'2022-08-19 02:37:52'),(1901,1,31,73,'2022-08-19 02:37:52'),(1902,2,31,72,'2022-08-19 02:37:53'),(1903,1,31,71,'2022-08-19 02:37:54'),(1904,2,31,70,'2022-08-19 02:37:56'),(1905,2,31,69,'2022-08-19 02:37:58'),(1906,1,31,68,'2022-08-19 02:38:00'),(1907,1,31,67,'2022-08-19 02:38:01'),(1908,2,31,66,'2022-08-19 02:38:17'),(1909,1,31,65,'2022-08-19 02:38:19'),(1910,2,31,64,'2022-08-19 02:38:20'),(1911,1,31,62,'2022-08-19 02:38:20'),(1912,1,31,61,'2022-08-19 02:38:22'),(1913,2,31,60,'2022-08-19 02:38:22'),(1914,2,31,59,'2022-08-19 02:38:24'),(1915,1,31,58,'2022-08-19 02:38:25'),(1916,1,31,57,'2022-08-19 02:38:26'),(1917,2,31,56,'2022-08-19 02:38:27'),(1918,1,31,55,'2022-08-19 02:38:28'),(1919,2,31,54,'2022-08-19 02:38:28'),(1920,1,31,53,'2022-08-19 02:38:30'),(1921,1,31,52,'2022-08-19 02:38:31'),(1922,2,31,50,'2022-08-19 02:38:32'),(1923,1,31,51,'2022-08-19 02:38:32'),(1924,1,31,49,'2022-08-19 02:38:33'),(1925,2,31,48,'2022-08-19 02:38:34'),(1926,1,31,47,'2022-08-19 02:38:35'),(1927,1,31,46,'2022-08-19 02:38:35'),(1928,2,31,45,'2022-08-19 02:38:36'),(1929,2,31,44,'2022-08-19 02:38:37'),(1930,1,31,43,'2022-08-19 02:38:38'),(1931,2,31,42,'2022-08-19 02:38:38'),(1932,1,31,41,'2022-08-19 02:38:39'),(1933,2,31,40,'2022-08-19 02:38:40'),(1934,1,31,38,'2022-08-19 02:38:41'),(1935,1,31,39,'2022-08-19 02:38:41'),(1936,2,31,37,'2022-08-19 02:38:43'),(1937,1,31,36,'2022-08-19 02:38:44'),(1938,1,31,35,'2022-08-19 02:38:44'),(1939,2,31,34,'2022-08-19 02:38:45'),(1940,2,31,33,'2022-08-19 02:38:46'),(1941,1,31,28,'2022-08-19 02:38:48'),(1942,1,31,27,'2022-08-19 02:38:49'),(1943,2,31,26,'2022-08-19 02:38:50'),(1944,2,31,25,'2022-08-19 02:38:52'),(1945,1,31,24,'2022-08-19 02:38:54'),(1946,1,31,23,'2022-08-19 02:38:54'),(1947,2,31,19,'2022-08-19 02:38:55'),(1948,1,31,18,'2022-08-19 02:38:56'),(1949,2,31,17,'2022-08-19 02:38:57'),(1950,1,31,16,'2022-08-19 02:38:58'),(1951,2,31,15,'2022-08-19 02:38:59'),(1952,1,31,14,'2022-08-19 02:39:00'),(1953,1,31,10,'2022-08-19 02:39:02'),(1954,2,31,11,'2022-08-19 02:39:03'),(1955,2,31,9,'2022-08-19 02:39:03'),(1956,1,31,8,'2022-08-19 02:39:05'),(1957,2,31,7,'2022-08-19 02:39:05'),(1958,1,31,6,'2022-08-19 02:39:06'),(1959,2,31,5,'2022-08-19 02:39:10'),(1960,1,31,4,'2022-08-19 02:39:11'),(1961,2,31,3,'2022-08-19 02:39:13'),(1962,2,31,1,'2022-08-19 02:39:29'),(1963,2,31,2,'2022-08-19 02:39:34'),(1964,1,68,96,'2022-08-19 02:39:57'),(1965,2,68,95,'2022-08-19 02:39:57'),(1966,2,32,96,'2022-08-19 03:00:11'),(1967,2,32,95,'2022-08-19 02:40:19'),(1968,2,69,96,'2022-08-19 02:40:49'),(1969,1,69,95,'2022-08-19 02:40:50'),(1970,2,69,94,'2022-08-19 02:40:51'),(1971,1,69,93,'2022-08-19 02:40:51'),(1972,2,69,92,'2022-08-19 02:40:52'),(1973,1,69,91,'2022-08-19 02:40:54'),(1974,1,69,89,'2022-08-19 02:40:55'),(1975,2,69,90,'2022-08-19 02:40:55'),(1976,1,69,88,'2022-08-19 02:40:56'),(1977,2,69,87,'2022-08-19 02:40:57'),(1978,2,69,86,'2022-08-19 02:40:58'),(1979,1,69,85,'2022-08-19 02:40:58'),(1980,2,32,93,'2022-08-19 02:41:21'),(1981,2,32,92,'2022-08-19 02:41:22'),(1982,1,32,91,'2022-08-19 02:41:24'),(1983,1,32,90,'2022-08-19 02:41:25'),(1984,1,32,89,'2022-08-19 02:41:27'),(1985,2,32,88,'2022-08-19 02:41:29'),(1986,2,32,87,'2022-08-19 02:41:32'),(1987,1,69,97,'2022-08-19 02:41:32'),(1988,2,32,86,'2022-08-19 02:41:33'),(1989,1,32,85,'2022-08-19 02:41:35'),(1990,2,32,84,'2022-08-19 02:41:35'),(1991,1,32,83,'2022-08-19 02:41:37'),(1992,2,32,82,'2022-08-19 02:41:37'),(1993,1,32,81,'2022-08-19 02:41:38'),(1994,2,32,80,'2022-08-19 02:41:39'),(1995,2,32,79,'2022-08-19 02:41:40'),(1996,1,32,78,'2022-08-19 02:41:41'),(1997,2,32,77,'2022-08-19 02:41:42'),(1998,1,32,76,'2022-08-19 02:41:43'),(1999,2,32,75,'2022-08-19 02:41:43'),(2000,1,32,74,'2022-08-19 02:41:44'),(2001,1,32,73,'2022-08-19 02:41:45'),(2002,1,32,72,'2022-08-19 02:41:47'),(2003,1,32,71,'2022-08-19 02:41:48'),(2004,2,32,70,'2022-08-19 02:41:51'),(2005,1,32,69,'2022-08-19 02:41:52'),(2006,2,32,68,'2022-08-19 02:41:53'),(2007,2,32,67,'2022-08-19 02:41:53'),(2008,1,32,66,'2022-08-19 02:41:54'),(2009,2,32,65,'2022-08-19 02:41:55'),(2010,1,32,64,'2022-08-19 02:41:56'),(2011,1,32,62,'2022-08-19 02:41:58'),(2012,2,32,61,'2022-08-19 02:41:59'),(2013,2,32,59,'2022-08-19 02:42:00'),(2014,1,32,60,'2022-08-19 02:42:00'),(2015,1,32,58,'2022-08-19 02:42:06'),(2016,2,32,57,'2022-08-19 02:42:06'),(2017,2,32,56,'2022-08-19 02:42:07'),(2018,1,32,55,'2022-08-19 02:42:08'),(2019,2,32,53,'2022-08-19 02:42:09'),(2020,1,32,54,'2022-08-19 02:42:09'),(2021,1,32,52,'2022-08-19 02:42:10'),(2022,2,32,51,'2022-08-19 02:42:11'),(2023,1,32,50,'2022-08-19 02:42:12'),(2024,1,32,49,'2022-08-19 02:42:13'),(2025,2,32,48,'2022-08-19 02:42:13'),(2026,1,67,97,'2022-08-19 02:42:14'),(2027,1,32,47,'2022-08-19 02:42:14'),(2028,2,67,96,'2022-08-19 02:42:15'),(2029,2,32,46,'2022-08-19 02:42:16'),(2030,1,67,95,'2022-08-19 02:42:16'),(2031,1,32,45,'2022-08-19 02:42:17'),(2032,2,67,94,'2022-08-19 02:42:17'),(2033,1,67,93,'2022-08-19 02:42:17'),(2034,1,67,92,'2022-08-19 02:42:18'),(2035,1,32,43,'2022-08-19 02:42:19'),(2036,2,32,42,'2022-08-19 02:42:19'),(2037,2,67,91,'2022-08-19 02:42:19'),(2038,1,67,90,'2022-08-19 02:42:20'),(2039,2,32,44,'2022-08-19 02:42:20'),(2040,2,67,89,'2022-08-19 02:42:21'),(2041,2,67,88,'2022-08-19 02:42:21'),(2042,2,32,41,'2022-08-19 02:42:21'),(2043,2,67,87,'2022-08-19 02:42:22'),(2044,1,67,86,'2022-08-19 02:42:22'),(2045,1,32,39,'2022-08-19 02:42:23'),(2046,1,67,85,'2022-08-19 02:42:23'),(2047,2,32,38,'2022-08-19 02:42:24'),(2048,2,67,84,'2022-08-19 02:42:24'),(2049,1,32,37,'2022-08-19 02:42:25'),(2050,1,67,82,'2022-08-19 02:42:25'),(2051,1,67,83,'2022-08-19 02:42:25'),(2052,1,32,36,'2022-08-19 02:42:26'),(2053,1,67,80,'2022-08-19 02:42:27'),(2054,1,32,35,'2022-08-19 02:42:27'),(2055,2,67,81,'2022-08-19 02:42:27'),(2056,2,32,34,'2022-08-19 02:42:27'),(2057,2,67,79,'2022-08-19 02:42:27'),(2058,2,32,33,'2022-08-19 02:42:28'),(2059,1,67,78,'2022-08-19 02:42:29'),(2060,2,32,32,'2022-08-19 02:42:29'),(2061,1,32,28,'2022-08-19 02:42:29'),(2062,1,67,76,'2022-08-19 02:42:30'),(2063,2,67,77,'2022-08-19 02:42:30'),(2064,2,32,27,'2022-08-19 02:42:30'),(2065,1,32,26,'2022-08-19 02:42:30'),(2066,1,67,75,'2022-08-19 02:42:31'),(2067,2,32,25,'2022-08-19 02:42:32'),(2068,2,67,74,'2022-08-19 02:42:32'),(2069,1,67,73,'2022-08-19 02:42:32'),(2070,1,32,24,'2022-08-19 02:42:32'),(2071,2,32,23,'2022-08-19 02:42:33'),(2072,2,67,72,'2022-08-19 02:42:33'),(2073,1,67,71,'2022-08-19 02:42:34'),(2074,1,32,19,'2022-08-19 02:42:34'),(2075,1,32,18,'2022-08-19 02:42:35'),(2076,2,67,70,'2022-08-19 02:42:35'),(2077,1,67,69,'2022-08-19 02:42:35'),(2078,2,67,68,'2022-08-19 02:42:36'),(2079,2,32,17,'2022-08-19 02:42:36'),(2080,1,67,67,'2022-08-19 02:42:36'),(2081,1,32,16,'2022-08-19 02:42:37'),(2082,2,67,66,'2022-08-19 02:42:37'),(2083,1,67,65,'2022-08-19 02:42:37'),(2084,2,32,15,'2022-08-19 02:42:37'),(2085,2,67,64,'2022-08-19 02:42:38'),(2086,1,32,13,'2022-08-19 02:42:38'),(2087,2,32,14,'2022-08-19 02:42:39'),(2088,1,67,61,'2022-08-19 02:42:39'),(2089,1,67,62,'2022-08-19 02:42:39'),(2090,1,32,12,'2022-08-19 02:42:39'),(2091,2,67,60,'2022-08-19 02:42:40'),(2092,1,67,59,'2022-08-19 02:42:40'),(2093,2,32,11,'2022-08-19 02:42:40'),(2094,1,32,10,'2022-08-19 02:42:41'),(2095,2,67,58,'2022-08-19 02:42:41'),(2096,1,67,57,'2022-08-19 02:42:41'),(2097,1,32,9,'2022-08-19 02:42:42'),(2098,1,67,56,'2022-08-19 02:42:42'),(2099,2,32,8,'2022-08-19 02:42:42'),(2100,2,67,55,'2022-08-19 02:42:43'),(2101,2,32,7,'2022-08-19 02:42:43'),(2102,1,32,6,'2022-08-19 02:42:44'),(2103,2,67,54,'2022-08-19 02:42:45'),(2104,1,67,53,'2022-08-19 02:42:45'),(2105,2,32,5,'2022-08-19 02:42:45'),(2106,2,67,52,'2022-08-19 02:42:46'),(2107,1,67,51,'2022-08-19 02:42:46'),(2108,1,32,4,'2022-08-19 02:42:46'),(2109,2,32,3,'2022-08-19 02:42:47'),(2110,1,67,50,'2022-08-19 02:42:48'),(2111,1,32,2,'2022-08-19 02:42:48'),(2112,2,67,49,'2022-08-19 02:42:48'),(2113,1,67,48,'2022-08-19 02:42:49'),(2114,2,32,1,'2022-08-19 02:42:49'),(2115,2,67,47,'2022-08-19 02:42:49'),(2116,2,67,46,'2022-08-19 02:42:50'),(2117,1,67,45,'2022-08-19 02:42:50'),(2118,1,67,44,'2022-08-19 02:42:51'),(2119,2,67,43,'2022-08-19 02:42:52'),(2120,1,67,42,'2022-08-19 02:42:52'),(2121,2,67,41,'2022-08-19 02:42:53'),(2122,1,67,40,'2022-08-19 02:42:53'),(2123,2,67,39,'2022-08-19 02:42:54'),(2124,1,67,38,'2022-08-19 02:42:56'),(2125,2,67,37,'2022-08-19 02:42:57'),(2126,1,67,36,'2022-08-19 02:42:57'),(2127,2,67,35,'2022-08-19 02:42:58'),(2128,2,67,34,'2022-08-19 02:42:59'),(2129,1,67,33,'2022-08-19 02:42:59'),(2130,1,67,32,'2022-08-19 02:43:00'),(2131,2,67,28,'2022-08-19 02:43:00'),(2132,2,67,27,'2022-08-19 02:43:01'),(2133,1,67,26,'2022-08-19 02:43:01'),(2134,1,67,25,'2022-08-19 02:43:03'),(2135,1,67,24,'2022-08-19 03:33:40'),(2136,2,67,23,'2022-08-19 02:43:04'),(2137,1,67,19,'2022-08-19 02:43:05'),(2138,2,67,18,'2022-08-19 02:43:05'),(2139,1,67,17,'2022-08-19 02:43:06'),(2140,2,67,16,'2022-08-19 02:43:07'),(2141,1,67,14,'2022-08-19 02:43:08'),(2142,1,67,15,'2022-08-19 02:43:08'),(2143,2,67,13,'2022-08-19 02:43:09'),(2144,1,67,12,'2022-08-19 02:43:09'),(2145,1,67,11,'2022-08-19 02:43:10'),(2146,2,67,10,'2022-08-19 02:43:11'),(2147,1,67,9,'2022-08-19 02:43:11'),(2148,2,67,8,'2022-08-19 02:43:12'),(2149,1,67,7,'2022-08-19 02:43:12'),(2150,2,67,6,'2022-08-19 02:43:14'),(2151,1,67,5,'2022-08-19 02:43:14'),(2152,2,67,4,'2022-08-19 02:43:15'),(2153,1,67,3,'2022-08-19 02:43:15'),(2154,2,67,2,'2022-08-19 02:43:16'),(2155,2,67,1,'2022-08-19 02:43:17'),(2156,2,12,83,'2022-08-19 02:56:08'),(2157,2,12,84,'2022-08-19 02:56:12'),(2158,1,12,82,'2022-08-19 02:56:16'),(2159,2,13,94,'2022-08-19 02:58:26'),(2160,2,27,93,'2022-08-19 02:59:08'),(2161,1,12,96,'2022-08-19 03:00:06'),(2162,2,32,94,'2022-08-19 03:00:05'),(2163,2,13,96,'2022-08-19 03:02:23'),(2164,2,12,8,'2022-08-19 03:27:55'),(2165,2,12,24,'2022-08-19 03:28:04'),(2166,1,4,97,'2022-08-19 03:30:03'),(2167,2,22,24,'2022-08-19 03:31:02'),(2168,1,43,24,'2022-08-19 03:31:11'),(2169,2,67,98,'2022-08-19 03:34:36'),(2170,1,38,24,'2022-08-19 03:34:48'),(2171,1,4,91,'2022-08-19 03:36:35'),(2172,2,27,98,'2022-08-19 03:37:11'),(2173,1,27,97,'2022-08-19 03:37:15'),(2174,2,67,99,'2022-08-19 03:39:03'),(2175,1,57,99,'2022-08-19 03:41:55'),(2176,2,57,97,'2022-08-19 03:41:56'),(2177,1,57,96,'2022-08-19 03:41:57'),(2178,2,57,95,'2022-08-19 03:41:58'),(2179,1,57,94,'2022-08-19 03:41:59'),(2180,1,57,93,'2022-08-19 03:41:59'),(2181,1,62,97,'2022-08-19 05:04:05'),(2182,2,62,99,'2022-08-19 05:04:06'),(2183,2,62,89,'2022-08-19 05:04:08'),(2184,2,4,99,'2022-08-19 05:07:09'),(2185,2,12,100,'2022-08-19 05:20:53'),(2186,1,33,100,'2022-08-19 05:20:56'),(2187,1,27,24,'2022-08-19 05:21:18'),(2188,2,27,100,'2022-08-19 05:26:12'),(2189,1,27,99,'2022-08-19 05:45:07'),(2190,2,27,96,'2022-08-19 05:22:37'),(2191,2,62,100,'2022-08-19 05:23:32'),(2192,2,4,100,'2022-08-19 05:23:49'),(2193,2,7,100,'2022-08-19 05:24:15'),(2194,1,7,99,'2022-08-19 05:37:32'),(2195,1,33,99,'2022-08-19 05:43:51'),(2196,2,12,99,'2022-08-19 05:37:55'),(2197,2,13,99,'2022-08-19 05:53:55'),(2198,2,32,99,'2022-08-19 05:54:03'),(2199,2,40,99,'2022-08-19 05:54:41'),(2200,2,32,100,'2022-08-19 06:32:51');
/*!40000 ALTER TABLE `board_vote` ENABLE KEYS */;
UNLOCK TABLES;

--
-- Table structure for table `chat_room`
--

DROP TABLE IF EXISTS `chat_room`;
/*!40101 SET @saved_cs_client     = @@character_set_client */;
/*!40101 SET character_set_client = utf8 */;
CREATE TABLE `chat_room` (
  `chat_room_id` bigint(20) NOT NULL AUTO_INCREMENT,
  `board_id` bigint(20) NOT NULL,
  `opt1_selected` int(11) NOT NULL DEFAULT 0,
  `opt2_selected` int(11) NOT NULL DEFAULT 0,
  PRIMARY KEY (`chat_room_id`),
  KEY `board_id_fk_idx` (`board_id`),
  CONSTRAINT `fk_chat_room_board1` FOREIGN KEY (`board_id`) REFERENCES `board` (`board_id`) ON DELETE NO ACTION ON UPDATE NO ACTION
) ENGINE=InnoDB AUTO_INCREMENT=127 DEFAULT CHARSET=utf8 COLLATE=utf8_bin;
/*!40101 SET character_set_client = @saved_cs_client */;

--
-- Dumping data for table `chat_room`
--

LOCK TABLES `chat_room` WRITE;
/*!40000 ALTER TABLE `chat_room` DISABLE KEYS */;
/*!40000 ALTER TABLE `chat_room` ENABLE KEYS */;
UNLOCK TABLES;

--
-- Table structure for table `comment`
--

DROP TABLE IF EXISTS `comment`;
/*!40101 SET @saved_cs_client     = @@character_set_client */;
/*!40101 SET character_set_client = utf8 */;
CREATE TABLE `comment` (
  `comment_id` bigint(20) NOT NULL AUTO_INCREMENT,
  `content` varchar(200) COLLATE utf8_bin NOT NULL,
  `level` tinyint(4) NOT NULL,
  `reg` datetime NOT NULL,
  `is_deleted` bit(1) NOT NULL DEFAULT b'0',
  `parent_id` bigint(20) DEFAULT NULL,
  `writer_id` bigint(20) NOT NULL,
  `board_id` bigint(20) NOT NULL,
  PRIMARY KEY (`comment_id`),
  KEY `fk_comment_user1_idx` (`writer_id`),
  KEY `fk_comment_comment1_idx` (`parent_id`),
  KEY `fk_comment_board1_idx` (`board_id`),
  CONSTRAINT `fk_comment_board1` FOREIGN KEY (`board_id`) REFERENCES `board` (`board_id`) ON DELETE NO ACTION ON UPDATE NO ACTION,
  CONSTRAINT `fk_comment_comment1` FOREIGN KEY (`parent_id`) REFERENCES `comment` (`comment_id`) ON DELETE NO ACTION ON UPDATE NO ACTION,
  CONSTRAINT `fk_comment_user1` FOREIGN KEY (`writer_id`) REFERENCES `user` (`user_id`) ON DELETE NO ACTION ON UPDATE NO ACTION
) ENGINE=InnoDB AUTO_INCREMENT=65 DEFAULT CHARSET=utf8 COLLATE=utf8_bin;
/*!40101 SET character_set_client = @saved_cs_client */;

--
-- Dumping data for table `comment`
--

LOCK TABLES `comment` WRITE;
/*!40000 ALTER TABLE `comment` DISABLE KEYS */;
INSERT INTO `comment` VALUES (1,'2시간 틀거면 더 고통스럽지',0,'2022-08-16 12:57:40','\0',NULL,7,18),(2,'2시간 에어컨 18도 틀고 방 문 닫으면 시원할듯',0,'2022-08-16 12:57:43','\0',NULL,8,18),(3,'풉킥',0,'2022-08-16 12:57:57','\0',NULL,1,18),(4,'뭐야!',1,'2022-08-16 12:58:50','\0',3,8,18),(5,'Hi',0,'2022-08-16 12:59:47','',NULL,4,18),(6,'2시간으로 어떻게 버텨',0,'2022-08-16 13:01:41','\0',NULL,12,18),(7,'',0,'2022-08-16 13:10:29','',NULL,4,18),(8,'그래?',1,'2022-08-16 22:11:26','',1,4,18),(9,'사실 둘다 맛있는데...',0,'2022-08-16 22:11:33','\0',NULL,12,19),(10,'엥 둘다 맛없,,,',1,'2022-08-16 23:14:49','\0',9,4,19),(11,'더워죽어',0,'2022-08-16 23:16:20','\0',NULL,4,18),(12,'죽어',1,'2022-08-16 23:40:50','',11,4,18),(13,'Nono',1,'2022-08-17 00:27:39','\0',9,7,19),(14,'Ghhh',0,'2022-08-17 00:28:14','\0',NULL,7,19),(15,'Gggg',1,'2022-08-17 00:28:18','\0',9,7,19),(16,'hihi',1,'2022-08-17 00:40:36','\0',2,7,18),(17,'에이 그건 아니지',1,'2022-08-17 01:02:49','\0',1,8,18),(18,'nono',1,'2022-08-17 01:10:13','\0',9,7,19),(19,'왜 남사친이랑 같이 밥 먹는거야 그거부터 이해가 안 돼',0,'2022-08-17 03:18:30','\0',NULL,8,31),(20,'당면도 안 떼어주는건 인류애가 없는거 아닌가??',0,'2022-08-17 03:19:21','\0',NULL,4,31),(21,'당면 가지고 쪼잔하게',0,'2022-08-17 03:23:56','\0',NULL,23,31),(22,'나비효과란 말 몰라? 당면이 끝이 아니게 되는거야',0,'2022-08-17 03:25:07','',NULL,7,31),(23,'그럴 수도 있지 라고 넘어가는 자세도 중요합니다.',1,'2022-08-17 03:27:26','\0',19,11,31),(24,'그건 좀....',1,'2022-08-17 10:52:09','\0',20,20,31),(25,'손으로 태어나서 원하는 사람과 결혼할래유',0,'2022-08-18 17:07:19','\0',NULL,1,14),(26,'에바참치꽁치;; 그거 가지고 뭐라 하면 걍 먼나라 이웃나라 가서 혼자 사시죠?',0,'2022-08-18 17:07:56','\0',NULL,1,31),(27,'삼겹살에 물냉 넘 좋아....하튜',0,'2022-08-18 17:09:00','\0',NULL,1,7),(28,'1안은 싸피보다 하루 덜 하는데 2.5배 받네염',0,'2022-08-18 17:09:35','\0',NULL,1,27),(29,'당면은 되지만 깻잎은 좀,,,,;;',0,'2022-08-18 17:10:03','\0',NULL,1,26),(30,'ㅜㅜㅜ 둘다 극혐 적당히를 모르냐구!',0,'2022-08-18 17:10:30','\0',NULL,1,25),(31,'말이야 방구야 둘다 시렁',0,'2022-08-18 17:12:48','\0',NULL,55,23),(32,'완저ㄴ닌정',1,'2022-08-18 21:28:03','\0',25,56,14),(33,'토를 어떻게 먹어..!!',0,'2022-08-18 22:35:31','\0',NULL,8,54),(34,'그걸 왜 잡아줘 진짜!!!',0,'2022-08-18 22:41:07','\0',NULL,8,63),(35,'그정도는 잡아줘도 되지',0,'2022-08-18 22:42:26','\0',NULL,12,63),(36,'비슷한 글 있어염',0,'2022-08-19 00:25:52','\0',NULL,65,64),(37,'ㅋㅋㅋㅋㅋㅋㅋㅋㅋㅋㅋㅋㅋㅋㅋㅋㅋㅋㅋㅋㅋㅋㅋㅋㅋㅋㅋㅋ',1,'2022-08-19 00:31:01','\0',28,39,27),(38,'구니까요 ㅠ 그래도 안 꾸미는것보다....',1,'2022-08-19 00:39:52','\0',30,41,25),(39,'싸피 사실 7일임 ㅋㅋㅋㅋ',1,'2022-08-19 00:40:30','\0',28,41,27),(40,'안 꾸미면 꾸며줄 수 있는데 과하게 꾸미면 지적하기 민망함 ㅇㅈ??',0,'2022-08-19 00:43:33','\0',NULL,42,25),(41,'아래 댓글 보샘',1,'2022-08-19 00:43:54','\0',30,42,25),(42,'숫자 계산 해보세요. 250*1.5하면 답 안나옴?',0,'2022-08-19 00:44:49','\0',NULL,42,27),(43,'건강챙기세요...',0,'2022-08-19 00:48:32','\0',NULL,43,27),(44,'ㅋㅋㅋㅋ 진짜 애매하다 ㅋㅋㅋ',0,'2022-08-19 02:57:12','\0',NULL,32,25),(45,'안꾸미는게 나응듯 ㅋ',0,'2022-08-19 03:16:05','\0',NULL,8,25),(46,'내 차 소중해,,,',0,'2022-08-19 03:29:19','\0',NULL,4,24),(47,'내 애인 코 박살나면 예쁠수도????',0,'2022-08-19 03:29:33','',NULL,8,24),(48,'?? 애인은 안 소중해?',1,'2022-08-19 03:29:55','\0',46,67,24),(49,'차가 람보르기니면 어떻게해???',0,'2022-08-19 03:31:00','\0',NULL,22,24),(50,'차가 더 소중해^_^',1,'2022-08-19 03:31:12','\0',46,4,24),(51,'어쩔 페라리 빨간색~',0,'2022-08-19 03:31:57','\0',NULL,70,24),(52,'내 애인 코 박살나면 ㅠㅠ',0,'2022-08-19 03:32:06','\0',NULL,43,24),(53,'현실은 K5~',1,'2022-08-19 03:32:20','\0',51,12,24),(54,'콧대 세워줘야지 ㅎㅎ',1,'2022-08-19 03:32:30','\0',52,22,24),(55,'코도 차값 나올수도..',1,'2022-08-19 03:32:57','\0',49,43,24),(56,'히히',1,'2022-08-19 03:33:06','',46,4,24),(57,'헤헤',1,'2022-08-19 03:33:26','',46,4,24),(58,'그럴일 없지만 그래도 코박살~',1,'2022-08-19 03:33:50','\0',49,12,24),(59,'제 차는 중고차라 ㅎㅎㅎ 오히려 바꿀듯',0,'2022-08-19 03:35:07','\0',NULL,38,24),(60,'잘생겼어요!!!',1,'2022-08-19 03:35:51','\0',59,22,24),(61,'당면정도야 뭐',0,'2022-08-19 05:21:05','\0',NULL,12,100),(62,'절 대 안 돼',0,'2022-08-19 05:21:10','\0',NULL,33,100),(63,'당면이 사랑을 달어!!',1,'2022-08-19 05:21:38','\0',61,33,100),(64,'오히려쫗아',0,'2022-08-19 05:23:57','\0',NULL,62,100);
/*!40000 ALTER TABLE `comment` ENABLE KEYS */;
UNLOCK TABLES;

--
-- Table structure for table `comment_data`
--

DROP TABLE IF EXISTS `comment_data`;
/*!40101 SET @saved_cs_client     = @@character_set_client */;
/*!40101 SET character_set_client = utf8 */;
CREATE TABLE `comment_data` (
  `comment_data_id` bigint(20) NOT NULL AUTO_INCREMENT,
  `likes` int(11) NOT NULL,
  `dislikes` int(11) NOT NULL,
  `comment_id` bigint(20) NOT NULL,
  PRIMARY KEY (`comment_data_id`),
  KEY `fk_comment_like_comment_idx` (`comment_id`),
  CONSTRAINT `fk_comment_like_comment` FOREIGN KEY (`comment_id`) REFERENCES `comment` (`comment_id`) ON DELETE NO ACTION ON UPDATE NO ACTION
) ENGINE=InnoDB AUTO_INCREMENT=65 DEFAULT CHARSET=utf8 COLLATE=utf8_bin;
/*!40101 SET character_set_client = @saved_cs_client */;

--
-- Dumping data for table `comment_data`
--

LOCK TABLES `comment_data` WRITE;
/*!40000 ALTER TABLE `comment_data` DISABLE KEYS */;
INSERT INTO `comment_data` VALUES (1,2,0,1),(2,0,0,2),(3,0,1,3),(4,0,0,4),(5,0,0,5),(6,0,0,6),(7,0,0,7),(8,0,0,8),(9,0,3,9),(10,0,0,10),(11,0,0,11),(12,0,0,12),(13,0,0,13),(14,0,0,14),(15,0,0,15),(16,0,0,16),(17,0,0,17),(18,0,0,18),(19,1,1,19),(20,0,1,20),(21,1,0,21),(22,0,0,22),(23,0,0,23),(24,0,0,24),(25,0,0,25),(26,0,0,26),(27,0,0,27),(28,2,0,28),(29,0,0,29),(30,3,0,30),(31,0,0,31),(32,0,0,32),(33,0,0,33),(34,0,0,34),(35,0,0,35),(36,0,0,36),(37,1,0,37),(38,0,1,38),(39,0,0,39),(40,0,0,40),(41,0,0,41),(42,0,0,42),(43,0,0,43),(44,0,0,44),(45,0,0,45),(46,4,0,46),(47,0,0,47),(48,0,0,48),(49,4,2,49),(50,0,0,50),(51,3,2,51),(52,1,2,52),(53,0,0,53),(54,0,0,54),(55,0,0,55),(56,0,0,56),(57,0,0,57),(58,0,0,58),(59,1,0,59),(60,1,0,60),(61,0,0,61),(62,0,0,62),(63,0,0,63),(64,0,0,64);
/*!40000 ALTER TABLE `comment_data` ENABLE KEYS */;
UNLOCK TABLES;

--
-- Table structure for table `comment_like`
--

DROP TABLE IF EXISTS `comment_like`;
/*!40101 SET @saved_cs_client     = @@character_set_client */;
/*!40101 SET character_set_client = utf8 */;
CREATE TABLE `comment_like` (
  `comment_like_id` bigint(20) NOT NULL AUTO_INCREMENT,
  `comment_id` bigint(20) NOT NULL,
  `user_id` bigint(20) NOT NULL,
  `is_like` bit(1) NOT NULL,
  PRIMARY KEY (`comment_like_id`),
  KEY `fk_user_comment_comment1_idx` (`comment_id`),
  KEY `fk_user_comment_user1_idx` (`user_id`),
  CONSTRAINT `fk_user_comment_comment1` FOREIGN KEY (`comment_id`) REFERENCES `comment` (`comment_id`) ON DELETE NO ACTION ON UPDATE NO ACTION,
  CONSTRAINT `fk_user_comment_user1` FOREIGN KEY (`user_id`) REFERENCES `user` (`user_id`) ON DELETE NO ACTION ON UPDATE NO ACTION
) ENGINE=InnoDB AUTO_INCREMENT=40 DEFAULT CHARSET=utf8 COLLATE=utf8_bin;
/*!40101 SET character_set_client = @saved_cs_client */;

--
-- Dumping data for table `comment_like`
--

LOCK TABLES `comment_like` WRITE;
/*!40000 ALTER TABLE `comment_like` DISABLE KEYS */;
INSERT INTO `comment_like` VALUES (1,1,4,''),(3,3,4,'\0'),(4,9,4,'\0'),(5,1,7,''),(7,9,8,'\0'),(8,19,11,'\0'),(9,19,25,''),(10,20,25,'\0'),(11,21,25,''),(12,9,27,'\0'),(13,28,39,''),(14,30,41,''),(15,28,41,''),(16,37,41,''),(17,38,42,'\0'),(18,30,32,''),(19,30,8,''),(20,49,70,''),(21,46,70,''),(22,51,70,''),(23,52,22,'\0'),(24,46,43,''),(25,51,67,'\0'),(26,49,4,''),(27,51,4,''),(28,52,4,'\0'),(29,49,67,'\0'),(30,52,38,''),(31,49,22,''),(32,49,38,''),(33,46,22,''),(34,51,22,''),(35,59,22,''),(36,60,22,''),(37,46,38,''),(38,49,27,'\0'),(39,51,27,'\0');
/*!40000 ALTER TABLE `comment_like` ENABLE KEYS */;
UNLOCK TABLES;

--
-- Table structure for table `common_code`
--

DROP TABLE IF EXISTS `common_code`;
/*!40101 SET @saved_cs_client     = @@character_set_client */;
/*!40101 SET character_set_client = utf8 */;
CREATE TABLE `common_code` (
  `code_id` varchar(10) COLLATE utf8_bin NOT NULL,
  `upper_code_id` varchar(10) COLLATE utf8_bin DEFAULT NULL,
  `value` varchar(45) COLLATE utf8_bin NOT NULL,
  PRIMARY KEY (`code_id`)
) ENGINE=InnoDB DEFAULT CHARSET=utf8 COLLATE=utf8_bin;
/*!40101 SET character_set_client = @saved_cs_client */;

--
-- Dumping data for table `common_code`
--

LOCK TABLES `common_code` WRITE;
/*!40000 ALTER TABLE `common_code` DISABLE KEYS */;
INSERT INTO `common_code` VALUES ('A01','','나이'),('A0101','A01','10대 미만'),('A0102','A01','10대'),('A0103','A01','20대'),('A0104','A01','30대'),('A0105','A01','40대'),('A0106','A01','50대'),('A0107','A01','60대 이상'),('B01','','게시물 카테고리'),('B0101','B01','연애'),('B0102','B01','병맛'),('B0103','B01','음식'),('B0104','B01','게임'),('B0105','B01','운동'),('B0106','B01','학교'),('B0107','B01','직장'),('B0108','B01','갈등'),('B0199','B01','기타'),('G01','','성별'),('G0101','G01','남자'),('G0102','G01','여자'),('M01','','MBTI 1'),('M0101','M01','E'),('M0102','M01','I'),('M02','','MBTI 2'),('M0201','M02','N'),('M0202','M02','S'),('M03','','MBTI 3'),('M0301','M03','F'),('M0302','M03','T'),('M04','','MBTI 4'),('M0401','M04','J'),('M0402','M04','P');
/*!40000 ALTER TABLE `common_code` ENABLE KEYS */;
UNLOCK TABLES;

--
-- Table structure for table `follow`
--

DROP TABLE IF EXISTS `follow`;
/*!40101 SET @saved_cs_client     = @@character_set_client */;
/*!40101 SET character_set_client = utf8 */;
CREATE TABLE `follow` (
  `follow_id` bigint(20) NOT NULL AUTO_INCREMENT,
  `from_user_id` bigint(20) NOT NULL,
  `to_user_id` bigint(20) NOT NULL,
  PRIMARY KEY (`follow_id`),
  KEY `fk_follow_user_idx` (`from_user_id`),
  KEY `fk_follow_user1_idx` (`to_user_id`),
  CONSTRAINT `fk_follow_user` FOREIGN KEY (`from_user_id`) REFERENCES `user` (`user_id`) ON DELETE NO ACTION ON UPDATE NO ACTION,
  CONSTRAINT `fk_follow_user1` FOREIGN KEY (`to_user_id`) REFERENCES `user` (`user_id`) ON DELETE NO ACTION ON UPDATE NO ACTION
) ENGINE=InnoDB AUTO_INCREMENT=67 DEFAULT CHARSET=utf8 COLLATE=utf8_bin;
/*!40101 SET character_set_client = @saved_cs_client */;

--
-- Dumping data for table `follow`
--

LOCK TABLES `follow` WRITE;
/*!40000 ALTER TABLE `follow` DISABLE KEYS */;
INSERT INTO `follow` VALUES (2,7,1),(10,7,4),(14,13,8),(15,13,7),(16,13,1),(17,4,7),(18,4,13),(28,8,4),(29,8,1),(30,8,11),(31,8,7),(33,8,13),(34,8,20),(36,20,13),(37,20,7),(39,20,4),(40,1,54),(41,1,70),(42,1,30),(43,1,29),(44,1,7),(45,1,11),(46,1,4),(47,59,1),(48,59,28),(49,59,27),(50,36,8),(51,36,1),(52,36,60),(54,35,55),(55,13,12),(56,12,69),(57,12,67),(58,12,68),(59,12,31),(60,12,72),(61,12,44),(62,12,42),(63,32,12),(64,67,72),(65,67,69),(66,27,68);
/*!40000 ALTER TABLE `follow` ENABLE KEYS */;
UNLOCK TABLES;

--
-- Table structure for table `inquire`
--

DROP TABLE IF EXISTS `inquire`;
/*!40101 SET @saved_cs_client     = @@character_set_client */;
/*!40101 SET character_set_client = utf8 */;
CREATE TABLE `inquire` (
  `inquire_id` bigint(20) NOT NULL AUTO_INCREMENT,
  `title` varchar(50) COLLATE utf8_bin NOT NULL,
  `content` varchar(200) COLLATE utf8_bin NOT NULL,
  `writer_id` bigint(20) NOT NULL,
  `file` varchar(45) COLLATE utf8_bin DEFAULT NULL,
  `is_deleted` bit(1) NOT NULL,
  `reg` datetime(6) DEFAULT NULL,
  PRIMARY KEY (`inquire_id`),
  KEY `fk_inquire_user1_idx` (`writer_id`),
  CONSTRAINT `fk_inquire_user1` FOREIGN KEY (`writer_id`) REFERENCES `user` (`user_id`) ON DELETE NO ACTION ON UPDATE NO ACTION
) ENGINE=InnoDB DEFAULT CHARSET=utf8 COLLATE=utf8_bin;
/*!40101 SET character_set_client = @saved_cs_client */;

--
-- Dumping data for table `inquire`
--

LOCK TABLES `inquire` WRITE;
/*!40000 ALTER TABLE `inquire` DISABLE KEYS */;
/*!40000 ALTER TABLE `inquire` ENABLE KEYS */;
UNLOCK TABLES;

--
-- Table structure for table `report`
--

DROP TABLE IF EXISTS `report`;
/*!40101 SET @saved_cs_client     = @@character_set_client */;
/*!40101 SET character_set_client = utf8 */;
CREATE TABLE `report` (
  `report_id` bigint(20) NOT NULL AUTO_INCREMENT,
  `board_id` bigint(20) DEFAULT NULL,
  `comment_id` bigint(20) DEFAULT NULL,
  `report_code` varchar(10) COLLATE utf8_bin NOT NULL,
  `writer_id` bigint(20) NOT NULL,
  `is_completed` bit(1) NOT NULL DEFAULT b'0',
  `reg` datetime(6) DEFAULT NULL,
  PRIMARY KEY (`report_id`),
  KEY `fk_report_user1_idx` (`writer_id`),
  CONSTRAINT `fk_report_user1` FOREIGN KEY (`writer_id`) REFERENCES `user` (`user_id`) ON DELETE NO ACTION ON UPDATE NO ACTION
) ENGINE=InnoDB DEFAULT CHARSET=utf8 COLLATE=utf8_bin;
/*!40101 SET character_set_client = @saved_cs_client */;

--
-- Dumping data for table `report`
--

LOCK TABLES `report` WRITE;
/*!40000 ALTER TABLE `report` DISABLE KEYS */;
/*!40000 ALTER TABLE `report` ENABLE KEYS */;
UNLOCK TABLES;

--
-- Table structure for table `user`
--

DROP TABLE IF EXISTS `user`;
/*!40101 SET @saved_cs_client     = @@character_set_client */;
/*!40101 SET character_set_client = utf8 */;
CREATE TABLE `user` (
  `user_id` bigint(20) NOT NULL AUTO_INCREMENT,
  `gender_code` varchar(10) COLLATE utf8_bin NOT NULL,
  `mbti1_code` varchar(10) COLLATE utf8_bin NOT NULL DEFAULT '\0',
  `mbti2_code` varchar(10) COLLATE utf8_bin NOT NULL,
  `mbti3_code` varchar(10) COLLATE utf8_bin NOT NULL,
  `mbti4_code` varchar(10) COLLATE utf8_bin NOT NULL,
  `age` tinyint(4) NOT NULL,
  `age_range_code` varchar(10) COLLATE utf8_bin NOT NULL,
  `reg` datetime NOT NULL,
  `last_login` datetime DEFAULT NULL,
  `delete_date` datetime DEFAULT NULL,
  `is_deleted` bit(1) NOT NULL DEFAULT b'0',
  PRIMARY KEY (`user_id`)
) ENGINE=InnoDB AUTO_INCREMENT=75 DEFAULT CHARSET=utf8 COLLATE=utf8_bin;
/*!40101 SET character_set_client = @saved_cs_client */;

--
-- Dumping data for table `user`
--

LOCK TABLES `user` WRITE;
/*!40000 ALTER TABLE `user` DISABLE KEYS */;
INSERT INTO `user` VALUES (1,'G0102','M0102','M0202','M0302','M0401',25,'A0103','2022-08-16 07:51:27','2022-08-16 22:25:30',NULL,'\0'),(2,'G0101','M0102','M0201','M0302','M0402',27,'A0103','2022-08-16 07:51:58','2022-08-16 08:00:22','2022-08-16 08:03:37',''),(3,'G0101','M0101','M0201','M0302','M0401',33,'A0104','2022-08-16 07:52:57','2022-08-16 07:54:06','2022-08-16 08:15:31',''),(4,'G0102','M0102','M0202','M0302','M0401',26,'A0103','2022-08-16 07:53:51','2022-08-18 22:08:25',NULL,'\0'),(5,'G0101','M0102','M0201','M0302','M0401',28,'A0103','2022-08-16 07:58:00','2022-08-16 08:10:06','2022-08-16 08:15:51',''),(6,'G0101','M0102','M0201','M0302','M0402',27,'A0103','2022-08-16 08:10:33','2022-08-16 08:21:48','2022-08-16 12:56:06',''),(7,'G0101','M0102','M0202','M0302','M0401',28,'A0103','2022-08-16 08:16:35','2022-08-19 04:17:42',NULL,'\0'),(8,'G0101','M0101','M0201','M0301','M0402',27,'A0103','2022-08-16 08:53:12','2022-08-19 03:15:15',NULL,'\0'),(9,'G0101','M0102','M0201','M0302','M0401',28,'A0103','2022-08-16 09:10:43','2022-08-17 02:50:41','2022-08-17 02:50:51',''),(10,'G0101','M0101','M0202','M0301','M0401',29,'A0103','2022-08-16 09:13:27','2022-08-16 09:21:10','2022-08-16 09:21:40',''),(11,'G0101','M0102','M0202','M0302','M0401',51,'A0106','2022-08-16 09:24:50','2022-08-19 00:02:21',NULL,'\0'),(12,'G0101','M0102','M0201','M0302','M0402',27,'A0103','2022-08-16 12:58:14','2022-08-19 00:36:36',NULL,'\0'),(13,'G0102','M0101','M0201','M0302','M0401',12,'A0102','2022-08-16 22:14:04','2022-08-19 02:58:02',NULL,'\0'),(17,'G0101','M0102','M0202','M0301','M0401',25,'A0103','2022-08-17 00:34:23','2022-08-17 03:20:47',NULL,'\0'),(18,'G0101','M0102','M0202','M0301','M0401',25,'A0103','2022-08-17 00:41:40','2022-08-17 01:20:59','2022-08-17 02:02:22',''),(19,'G0101','M0102','M0202','M0301','M0401',51,'A0106','2022-08-17 02:23:35','2022-08-17 03:19:49',NULL,'\0'),(20,'G0101','M0102','M0202','M0301','M0401',29,'A0103','2022-08-17 02:43:48','2022-08-17 10:47:21',NULL,'\0'),(21,'G0101','M0102','M0201','M0302','M0401',28,'A0103','2022-08-17 02:51:29','2022-08-17 02:53:55','2022-08-17 02:54:01',''),(22,'G0101','M0101','M0201','M0302','M0401',42,'A0105','2022-08-17 02:54:54','2022-08-19 03:30:05',NULL,'\0'),(23,'G0101','M0102','M0202','M0302','M0401',27,'A0103','2022-08-17 03:22:27','2022-08-17 03:23:32',NULL,'\0'),(24,'G0101','M0102','M0201','M0302','M0401',28,'A0103','2022-08-17 19:37:07','2022-08-17 19:39:29',NULL,'\0'),(25,'G0101','M0102','M0201','M0302','M0401',28,'A0103','2022-08-18 10:39:44','2022-08-18 12:58:50',NULL,'\0'),(26,'G0101','M0102','M0202','M0301','M0401',7,'A0101','2022-08-18 13:42:21',NULL,NULL,'\0'),(27,'G0101','M0102','M0201','M0302','M0401',28,'A0103','2022-08-18 13:42:21','2022-08-19 03:37:05',NULL,'\0'),(28,'G0102','M0102','M0202','M0302','M0402',17,'A0102','2022-08-18 13:42:21','2022-08-19 02:04:49',NULL,'\0'),(29,'G0101','M0102','M0202','M0302','M0401',15,'A0102','2022-08-18 13:42:21','2022-08-19 02:13:22',NULL,'\0'),(30,'G0102','M0102','M0202','M0302','M0402',10,'A0102','2022-08-18 13:42:21','2022-08-19 02:17:42',NULL,'\0'),(31,'G0101','M0102','M0202','M0301','M0401',15,'A0102','2022-08-18 13:42:21','2022-08-19 02:34:34',NULL,'\0'),(32,'G0102','M0102','M0202','M0301','M0402',17,'A0102','2022-08-18 13:42:21','2022-08-19 02:58:22',NULL,'\0'),(33,'G0101','M0102','M0202','M0301','M0401',21,'A0103','2022-08-18 13:42:21','2022-08-19 05:00:25',NULL,'\0'),(34,'G0102','M0102','M0202','M0301','M0402',23,'A0103','2022-08-18 13:42:21',NULL,NULL,'\0'),(35,'G0101','M0102','M0201','M0302','M0401',27,'A0103','2022-08-18 13:42:21','2022-08-19 00:08:15',NULL,'\0'),(36,'G0102','M0101','M0201','M0302','M0402',21,'A0103','2022-08-18 13:42:21','2022-08-18 23:58:47',NULL,'\0'),(37,'G0101','M0102','M0201','M0302','M0401',22,'A0103','2022-08-18 13:42:21','2022-08-19 00:13:02',NULL,'\0'),(38,'G0102','M0102','M0201','M0302','M0402',33,'A0104','2022-08-18 13:42:21','2022-08-19 03:34:34',NULL,'\0'),(39,'G0101','M0102','M0201','M0301','M0401',37,'A0104','2022-08-18 13:42:21','2022-08-19 00:26:06',NULL,'\0'),(40,'G0102','M0102','M0201','M0301','M0402',39,'A0104','2022-08-18 13:42:21','2022-08-19 05:54:38',NULL,'\0'),(41,'G0101','M0102','M0201','M0301','M0401',35,'A0104','2022-08-18 13:42:21','2022-08-19 00:35:04',NULL,'\0'),(42,'G0102','M0102','M0201','M0301','M0402',34,'A0104','2022-08-18 13:42:21','2022-08-19 00:41:08',NULL,'\0'),(43,'G0101','M0101','M0202','M0302','M0401',41,'A0105','2022-08-18 13:42:21','2022-08-19 03:30:58',NULL,'\0'),(44,'G0102','M0101','M0202','M0302','M0402',68,'A0107','2022-08-18 13:42:21','2022-08-19 00:49:14',NULL,'\0'),(45,'G0101','M0101','M0202','M0302','M0401',53,'A0106','2022-08-18 13:42:21','2022-08-18 21:20:49',NULL,'\0'),(46,'G0102','M0101','M0202','M0302','M0402',55,'A0106','2022-08-18 13:42:21','2022-08-18 21:24:37',NULL,'\0'),(47,'G0101','M0101','M0202','M0301','M0401',55,'A0106','2022-08-18 13:42:21','2022-08-18 21:28:12',NULL,'\0'),(48,'G0102','M0101','M0202','M0301','M0402',53,'A0106','2022-08-18 13:42:21','2022-08-18 21:31:32',NULL,'\0'),(49,'G0101','M0101','M0202','M0301','M0401',55,'A0106','2022-08-18 13:42:21','2022-08-18 21:36:25',NULL,'\0'),(50,'G0102','M0101','M0202','M0301','M0402',55,'A0106','2022-08-18 13:42:21','2022-08-18 21:41:55',NULL,'\0'),(51,'G0101','M0101','M0202','M0302','M0401',56,'A0106','2022-08-18 13:42:21','2022-08-18 21:49:44',NULL,'\0'),(52,'G0102','M0101','M0201','M0302','M0402',55,'A0106','2022-08-18 13:42:21','2022-08-18 23:46:57',NULL,'\0'),(53,'G0101','M0101','M0201','M0302','M0401',55,'A0106','2022-08-18 13:42:21','2022-08-18 23:51:28',NULL,'\0'),(54,'G0102','M0101','M0201','M0302','M0402',56,'A0106','2022-08-18 13:42:21','2022-08-18 23:55:19',NULL,'\0'),(55,'G0101','M0101','M0201','M0301','M0402',54,'A0106','2022-08-18 13:42:21','2022-08-18 21:51:25',NULL,'\0'),(56,'G0102','M0101','M0202','M0301','M0401',33,'A0104','2022-08-18 13:42:21','2022-08-18 22:19:48',NULL,'\0'),(57,'G0101','M0101','M0201','M0301','M0401',55,'A0106','2022-08-18 13:42:21','2022-08-19 03:41:51',NULL,'\0'),(58,'G0102','M0101','M0201','M0301','M0402',25,'A0103','2022-08-18 13:42:21','2022-08-18 22:32:50',NULL,'\0'),(59,'G0101','M0102','M0202','M0301','M0401',22,'A0103','2022-08-18 13:42:21','2022-08-18 21:58:05',NULL,'\0'),(60,'G0102','M0102','M0202','M0301','M0401',29,'A0103','2022-08-18 13:42:21','2022-08-18 22:21:20',NULL,'\0'),(61,'G0101','M0102','M0202','M0301','M0401',25,'A0103','2022-08-18 13:42:21','2022-08-18 22:03:52',NULL,'\0'),(62,'G0102','M0102','M0202','M0301','M0401',28,'A0103','2022-08-18 13:42:21','2022-08-18 22:40:41',NULL,'\0'),(63,'G0101','M0102','M0202','M0301','M0401',34,'A0104','2022-08-18 13:42:21','2022-08-18 22:17:42',NULL,'\0'),(64,'G0102','M0102','M0202','M0301','M0401',39,'A0104','2022-08-18 13:42:21','2022-08-18 22:13:41',NULL,'\0'),(65,'G0101','M0102','M0202','M0301','M0401',35,'A0104','2022-08-18 13:42:21','2022-08-19 00:14:39',NULL,'\0'),(66,'G0102','M0102','M0202','M0301','M0401',12,'A0102','2022-08-18 13:42:21','2022-08-19 01:03:06',NULL,'\0'),(67,'G0101','M0101','M0202','M0301','M0402',3,'A0101','2022-08-18 13:42:21','2022-08-19 03:36:57',NULL,'\0'),(68,'G0102','M0102','M0202','M0301','M0401',16,'A0102','2022-08-18 13:42:21','2022-08-19 02:23:47',NULL,'\0'),(69,'G0101','M0102','M0202','M0301','M0401',19,'A0102','2022-08-18 13:42:21','2022-08-19 02:40:41',NULL,'\0'),(70,'G0102','M0102','M0202','M0301','M0401',12,'A0102','2022-08-18 13:42:21','2022-08-19 03:30:56',NULL,'\0'),(71,'G0101','M0102','M0202','M0301','M0401',25,'A0103','2022-08-18 13:42:21','2022-08-19 00:55:43',NULL,'\0'),(72,'G0102','M0102','M0202','M0301','M0401',25,'A0103','2022-08-18 13:42:21','2022-08-19 02:11:04',NULL,'\0'),(73,'G0101','M0102','M0202','M0301','M0401',27,'A0103','2022-08-18 13:42:21','2022-08-19 00:57:15',NULL,'\0'),(74,'G0102','M0102','M0202','M0301','M0401',31,'A0104','2022-08-18 13:42:21','2022-08-19 00:47:45',NULL,'\0');
/*!40000 ALTER TABLE `user` ENABLE KEYS */;
UNLOCK TABLES;

--
-- Table structure for table `user_data`
--

DROP TABLE IF EXISTS `user_data`;
/*!40101 SET @saved_cs_client     = @@character_set_client */;
/*!40101 SET character_set_client = utf8 */;
CREATE TABLE `user_data` (
  `user_data_id` bigint(20) NOT NULL AUTO_INCREMENT,
  `email` varchar(45) COLLATE utf8_bin NOT NULL,
  `is_email_verified` bit(1) NOT NULL,
  `password` varchar(255) COLLATE utf8_bin NOT NULL,
  `nickname` varchar(30) COLLATE utf8_bin NOT NULL,
  `img` varchar(255) COLLATE utf8_bin DEFAULT NULL,
  `user_id` bigint(20) NOT NULL,
  `name` varchar(255) COLLATE utf8_bin DEFAULT NULL,
  PRIMARY KEY (`user_data_id`),
  UNIQUE KEY `email_UNIQUE` (`email`),
  UNIQUE KEY `nickname_UNIQUE` (`nickname`),
  KEY `fk_user_data_user1_idx` (`user_id`),
  CONSTRAINT `fk_user_data_user1` FOREIGN KEY (`user_id`) REFERENCES `user` (`user_id`) ON DELETE NO ACTION ON UPDATE NO ACTION
) ENGINE=InnoDB AUTO_INCREMENT=75 DEFAULT CHARSET=utf8 COLLATE=utf8_bin;
/*!40101 SET character_set_client = @saved_cs_client */;

--
-- Dumping data for table `user_data`
--

LOCK TABLES `user_data` WRITE;
/*!40000 ALTER TABLE `user_data` DISABLE KEYS */;
INSERT INTO `user_data` VALUES (1,'bona19988@gmail.com','','$2a$10$z9OflzdCa8nKD50QCHmqe.YesWSett.MxbIkbCURQFt1KZwBd1B2m','하잉','https://noning.s3.ap-northeast-2.amazonaws.com/profileImg/4364ecc1-41e4-4107-8d48-ea2df19b0954_1660641098621.jpg',1,'이보나'),(4,'seongyeon38@naver.com','','$2a$10$fb.QSZhEPciAjYotDhrIjemZruo2NJHR3NZmocyOwoKN/eUoT6RzW','seung','https://noning.s3.ap-northeast-2.amazonaws.com/profileImg/f3335cb7-b2e5-43f5-89af-a7c41c03c557_1660636431150.jpg',4,'seungyeon'),(7,'lx460@naver.com','','$2a$10$hLZd4LfDFwpVFDZUlXcNaOAloUIOuPmpJ41iWGJ0ztPFksAZQKvf2','진매','https://noning.s3.ap-northeast-2.amazonaws.com/profileImg/4e74d010-7618-431a-a7f1-df54fc58d180_1660640230198.jpg',7,'이도엽'),(8,'mingyun0324@naver.com','','$2a$10$fNSRTBpxe78KxCsNMODvnunZo7IfSPCN5tJG2fiNHTa.vLXWgdpy6','김수박','https://noning.s3.ap-northeast-2.amazonaws.com/profileImg/f31ff2e6-22a9-44d1-a753-404cb348090d_1660666044349.jpg',8,'김민균'),(11,'mingyun0324@gmail.com','','$2a$10$EDWWKLX84Mfn03Zdjf4djOJ818bVcpLkweqlWHZ1KkPJBvEtSx8Je','김철수','https://noning.s3.ap-northeast-2.amazonaws.com/profileImg/0b6178f8-f848-43c2-a40b-35f42c20ee8f_1660651734677.jpg',11,'김민균'),(12,'dlwotns1112@gmail.com','','$2a$10$zDjRRDjWEC.PXjCK4SOxuecr7AzNwEbteAqyIbHpww4WiHHDWyvmG','순진','https://noning.s3.ap-northeast-2.amazonaws.com/profileImg/dd50afea-e595-45ec-9099-8934ffa46612_1660654694058.jpg',12,'이재순'),(13,'dlwotns9218@gmail.com','','$2a$10$7hyLtQySWsSQ1avDjv/hXO.5cd8dFmEs10WH7fSq4b9mFgz.CiFGm','NM','https://noning.s3.ap-northeast-2.amazonaws.com/profileImg/4cc3bdb6-3f8c-4cb2-916b-d48bdd8b94a0_1660655644179.jpg',13,'이재순'),(17,'seongyeon38@gmail.com','','$2a$10$NaAB4mx6D31RnwUTOVxlvu7vxBnpKTmnTQlGjhBizcAq5gKWuTxmO','민균','https://noning.s3.ap-northeast-2.amazonaws.com/profileImg/5b650afe-5c3e-4086-9924-2acce1f9dc71_1660664063450.jpg',17,'김민균'),(19,'nonjang2@naver.com','','$2a$10$aRkD.hf6q0KQJyHNbqn26eyFRiTRUozAdsL7guIJr1rms33FRPDqK','밍귤','https://noning.s3.ap-northeast-2.amazonaws.com/profileImg/14e1a4a9-b549-46b5-a7f2-e910dfd3cf1d_1660670615638.jpg',19,'김민균'),(20,'nonjang3@naver.com','','$2a$10$792/lx7S07C2euTiI1f50OmEIcCLLTanyuSPbfxe1XwPMHDBXNeby','당면시러','https://noning.s3.ap-northeast-2.amazonaws.com/profileImg/e8a024bb-bf99-4fbd-8860-1c90f4792b26_1660671828734.jpg',20,'김민균'),(22,'leedo95@gmail.com','','$2a$10$M1vEFpBlARyhGUL/4x7FPeWrwObH6WurBgED/FiPnEde2zbd75/g6','당당치킨','https://noning.s3.ap-northeast-2.amazonaws.com/profileImg/a5bfede7-f59e-4b4c-af35-811488fbbb2a_1660703068995.jpg',22,'이도엽'),(23,'nonjang5@naver.com','','$2a$10$u15j9/pPub2THOVsu6EcauDHq5LBA2KiAvCRhcsqd9MoKpE.1xw7G','논오','',23,'논오'),(24,'leedo95@naver.com','','$2a$10$6SH/E3t6MTcCMzo0kQKGZegmxzHbuEwmaEHXim7G5KQJv73kYZGQW','닥스훈트','https://noning.s3.ap-northeast-2.amazonaws.com/profileImg/16db20c2-14dd-46c3-9bd9-4b6fe54f973e_1660732627188.jpg',24,'이도엽'),(25,'test01@gmail.com','','$2a$10$CbaO8g1Kc2eA8seGMbPJ9.09qpJjBS6RMOI8UEJrgomGBo4jBZnBS','논쟁이','',25,'이도엽'),(26,'flgkdl114@gmail.com','','$2a$10$OrJYEZ3LIPI/Gea0jtNlxuJ5TD3uechPLE9ftWiRoKxppMSUBacKm','싸피','',26,'이재순'),(27,'test02@gmail.com','','$2a$10$zDjRRDjWEC.PXjCK4SOxuecr7AzNwEbteAqyIbHpww4WiHHDWyvmG','발표자도엽','https://noning.s3.ap-northeast-2.amazonaws.com/profileImg/2e33e510-4a0e-4fb0-a090-e4a6ceb45476_1660842545584.jpg',27,'논쟁이'),(28,'test03@gmail.com','','$2a$10$zDjRRDjWEC.PXjCK4SOxuecr7AzNwEbteAqyIbHpww4WiHHDWyvmG','윈터','https://noning.s3.ap-northeast-2.amazonaws.com/profileImg/9a3f2e0b-3ba7-4f91-9d15-e27d0f4b4959_1660842473042.jpg',28,'논쟁이'),(29,'test04@gmail.com','','$2a$10$zDjRRDjWEC.PXjCK4SOxuecr7AzNwEbteAqyIbHpww4WiHHDWyvmG','벼리','https://noning.s3.ap-northeast-2.amazonaws.com/profileImg/d5edcfef-f83f-4587-80fd-6de980d80358_1660842857955.jpg',29,'논쟁이'),(30,'test05@gmail.com','','$2a$10$zDjRRDjWEC.PXjCK4SOxuecr7AzNwEbteAqyIbHpww4WiHHDWyvmG','닝닝닝','https://noning.s3.ap-northeast-2.amazonaws.com/profileImg/dcf73d51-67e5-4e2c-a253-8405e66df33d_1660843313613.jpg',30,'논쟁이'),(31,'test06@gmail.com','','$2a$10$zDjRRDjWEC.PXjCK4SOxuecr7AzNwEbteAqyIbHpww4WiHHDWyvmG','지젤','https://noning.s3.ap-northeast-2.amazonaws.com/profileImg/390db8f9-7a05-4e37-9706-a6bb731c43cc_1660844164171.jpg',31,'논쟁이'),(32,'test07@gmail.com','','$2a$10$zDjRRDjWEC.PXjCK4SOxuecr7AzNwEbteAqyIbHpww4WiHHDWyvmG','지수','https://noning.s3.ap-northeast-2.amazonaws.com/profileImg/448f49c4-d26b-431a-9ec1-f3c0063a449a_1660844474978.jpg',32,'논쟁이'),(33,'test08@gmail.com','','$2a$10$zDjRRDjWEC.PXjCK4SOxuecr7AzNwEbteAqyIbHpww4WiHHDWyvmG','제니','',33,'논쟁이'),(34,'test09@gmail.com','','$2a$10$zDjRRDjWEC.PXjCK4SOxuecr7AzNwEbteAqyIbHpww4WiHHDWyvmG','지디','',34,'논쟁이'),(35,'test10@gmail.com','','$2a$10$zDjRRDjWEC.PXjCK4SOxuecr7AzNwEbteAqyIbHpww4WiHHDWyvmG','박보검','https://noning.s3.ap-northeast-2.amazonaws.com/profileImg/07610f55-afc4-4da3-a146-e4a00faff9d1_1660835363912.jpg',35,'논쟁이'),(36,'test11@gmail.com','','$2a$10$zDjRRDjWEC.PXjCK4SOxuecr7AzNwEbteAqyIbHpww4WiHHDWyvmG','뉭뉭','https://noning.s3.ap-northeast-2.amazonaws.com/profileImg/2de7fcd7-ee0b-46e5-9d53-f864c6c51b92_1660835197152.jpg',36,'논쟁이'),(37,'test12@gmail.com','','$2a$10$zDjRRDjWEC.PXjCK4SOxuecr7AzNwEbteAqyIbHpww4WiHHDWyvmG','김고은','https://noning.s3.ap-northeast-2.amazonaws.com/profileImg/c3a19fe5-4fb3-40ea-9c03-6532e7a97f19_1660835629863.jpg',37,'논쟁이'),(38,'test13@gmail.com','','$2a$10$zDjRRDjWEC.PXjCK4SOxuecr7AzNwEbteAqyIbHpww4WiHHDWyvmG','차은우은우','https://noning.s3.ap-northeast-2.amazonaws.com/profileImg/77c1ba57-7768-4327-8f75-9c60ec8b06d6_1660835841097.jpg',38,'논쟁이'),(39,'test14@gmail.com','','$2a$10$zDjRRDjWEC.PXjCK4SOxuecr7AzNwEbteAqyIbHpww4WiHHDWyvmG','샘숭','https://noning.s3.ap-northeast-2.amazonaws.com/profileImg/7bc4b51e-e5a3-4db9-9d36-c3ed50544d43_1660836495663.jpg',39,'논쟁이'),(40,'test15@gmail.com','','$2a$10$zDjRRDjWEC.PXjCK4SOxuecr7AzNwEbteAqyIbHpww4WiHHDWyvmG','양옹','https://noning.s3.ap-northeast-2.amazonaws.com/profileImg/c95243df-5da5-4537-b107-d6ac6bc25ffc_1660836788018.jpg',40,'논쟁이'),(41,'test16@gmail.com','','$2a$10$zDjRRDjWEC.PXjCK4SOxuecr7AzNwEbteAqyIbHpww4WiHHDWyvmG','SW','https://noning.s3.ap-northeast-2.amazonaws.com/profileImg/700a8163-a47c-4dd4-8b3b-198692c5f734_1660836976475.jpg',41,'논쟁이'),(42,'test17@gmail.com','','$2a$10$zDjRRDjWEC.PXjCK4SOxuecr7AzNwEbteAqyIbHpww4WiHHDWyvmG','스마일일','https://noning.s3.ap-northeast-2.amazonaws.com/profileImg/d28b7079-1871-4c26-99c0-bce2f6336a51_1660837318913.jpg',42,'논쟁이'),(43,'test18@gmail.com','','$2a$10$zDjRRDjWEC.PXjCK4SOxuecr7AzNwEbteAqyIbHpww4WiHHDWyvmG','한영','',43,'논쟁이'),(44,'test19@gmail.com','','$2a$10$zDjRRDjWEC.PXjCK4SOxuecr7AzNwEbteAqyIbHpww4WiHHDWyvmG','키보드','https://noning.s3.ap-northeast-2.amazonaws.com/profileImg/c9541c82-b210-4d46-99c6-0de7d62f5e13_1660837858196.jpg',44,'논쟁이'),(45,'test20@gmail.com','','$2a$10$zDjRRDjWEC.PXjCK4SOxuecr7AzNwEbteAqyIbHpww4WiHHDWyvmG','마우스','https://noning.s3.ap-northeast-2.amazonaws.com/profileImg/24f780be-b281-44f6-a20f-235d7217c58b_1660825329309.jpg',45,'논쟁이'),(46,'test21@gmail.com','','$2a$10$zDjRRDjWEC.PXjCK4SOxuecr7AzNwEbteAqyIbHpww4WiHHDWyvmG','방수','https://noning.s3.ap-northeast-2.amazonaws.com/profileImg/8e060208-653a-4645-8267-b7801cd30c78_1660825583103.jpg',46,'논쟁이'),(47,'test22@gmail.com','','$2a$10$zDjRRDjWEC.PXjCK4SOxuecr7AzNwEbteAqyIbHpww4WiHHDWyvmG','소방수','https://noning.s3.ap-northeast-2.amazonaws.com/profileImg/00f2dc17-ea35-423d-a08f-ffb060632b1a_1660825784455.jpg',47,'논쟁이'),(48,'test23@gmail.com','','$2a$10$zDjRRDjWEC.PXjCK4SOxuecr7AzNwEbteAqyIbHpww4WiHHDWyvmG','영웅좋아','https://noning.s3.ap-northeast-2.amazonaws.com/profileImg/a3a746ff-2972-4643-8862-caf870e61f6c_1660826015471.jpg',48,'논쟁이'),(49,'test24@gmail.com','','$2a$10$zDjRRDjWEC.PXjCK4SOxuecr7AzNwEbteAqyIbHpww4WiHHDWyvmG','영남회장','https://noning.s3.ap-northeast-2.amazonaws.com/profileImg/ea2b229e-a063-4e26-8d2c-049f01ab2ed9_1660826405079.jpg',49,'논쟁이'),(50,'test25@gmail.com','','$2a$10$zDjRRDjWEC.PXjCK4SOxuecr7AzNwEbteAqyIbHpww4WiHHDWyvmG','자연','https://noning.s3.ap-northeast-2.amazonaws.com/profileImg/43fece18-fb3a-420c-b2d0-e6cd600023d8_1660826634321.jpg',50,'논쟁이'),(51,'test26@gmail.com','','$2a$10$zDjRRDjWEC.PXjCK4SOxuecr7AzNwEbteAqyIbHpww4WiHHDWyvmG','롯데자이언츠','https://noning.s3.ap-northeast-2.amazonaws.com/profileImg/55bfe599-ca3f-4def-942d-cb0efad231ce_1660827158063.jpg',51,'논쟁이'),(52,'test27@gmail.com','','$2a$10$zDjRRDjWEC.PXjCK4SOxuecr7AzNwEbteAqyIbHpww4WiHHDWyvmG','별이','https://noning.s3.ap-northeast-2.amazonaws.com/profileImg/12bb6e4a-90b0-4978-8656-2f87dd60dc54_1660834178517.jpg',52,'논쟁이'),(53,'test28@gmail.com','','$2a$10$zDjRRDjWEC.PXjCK4SOxuecr7AzNwEbteAqyIbHpww4WiHHDWyvmG','지우개','https://noning.s3.ap-northeast-2.amazonaws.com/profileImg/9b82269f-f1e3-4a6f-881d-52ea7b187686_1660834362570.jpg',53,'논쟁이'),(54,'test29@gmail.com','','$2a$10$zDjRRDjWEC.PXjCK4SOxuecr7AzNwEbteAqyIbHpww4WiHHDWyvmG','이어폰','https://noning.s3.ap-northeast-2.amazonaws.com/profileImg/d7b99287-b644-42c5-9084-eb41d7baf1cf_1660834574865.jpg',54,'논쟁이'),(55,'test30@gmail.com','','$2a$10$zDjRRDjWEC.PXjCK4SOxuecr7AzNwEbteAqyIbHpww4WiHHDWyvmG','사랑찌','https://noning.s3.ap-northeast-2.amazonaws.com/profileImg/7758db43-d48f-453e-8f63-9ebe536d1305_1660825431855.jpg',55,'논쟁이'),(56,'test31@gmail.com','','$2a$10$zDjRRDjWEC.PXjCK4SOxuecr7AzNwEbteAqyIbHpww4WiHHDWyvmG','뿡빵','https://noning.s3.ap-northeast-2.amazonaws.com/profileImg/9ae11dc9-6c07-45d5-9deb-904b4b5b53c7_1660825573911.jpg',56,'논쟁이'),(57,'test32@gmail.com','','$2a$10$zDjRRDjWEC.PXjCK4SOxuecr7AzNwEbteAqyIbHpww4WiHHDWyvmG','원슝이','https://noning.s3.ap-northeast-2.amazonaws.com/profileImg/33fa6c50-4d8c-480e-8d16-4f0b704652a9_1660842534059.jpg',57,'논쟁이'),(58,'test33@gmail.com','','$2a$10$zDjRRDjWEC.PXjCK4SOxuecr7AzNwEbteAqyIbHpww4WiHHDWyvmG','미미','https://noning.s3.ap-northeast-2.amazonaws.com/profileImg/c825a298-0de5-4eb7-9460-cff7e46d10e7_1660825878793.jpg',58,'논쟁이'),(59,'test34@gmail.com','','$2a$10$zDjRRDjWEC.PXjCK4SOxuecr7AzNwEbteAqyIbHpww4WiHHDWyvmG','망고','https://noning.s3.ap-northeast-2.amazonaws.com/profileImg/c9bcd280-a2e7-4ff2-9bff-464ab2681fdb_1660826048933.jpg',59,'논쟁이'),(60,'test35@gmail.com','','$2a$10$zDjRRDjWEC.PXjCK4SOxuecr7AzNwEbteAqyIbHpww4WiHHDWyvmG','오랑캐다','https://noning.s3.ap-northeast-2.amazonaws.com/profileImg/e9eda2e3-f36b-4c85-89a7-6f99d44912da_1660826266031.jpg',60,'논쟁이'),(61,'test36@gmail.com','','$2a$10$zDjRRDjWEC.PXjCK4SOxuecr7AzNwEbteAqyIbHpww4WiHHDWyvmG','멍뮹망티','https://noning.s3.ap-northeast-2.amazonaws.com/profileImg/4e2bf288-088b-401f-826c-e03c6a89c31a_1660826504629.jpg',61,'논쟁이'),(62,'test37@gmail.com','','$2a$10$zDjRRDjWEC.PXjCK4SOxuecr7AzNwEbteAqyIbHpww4WiHHDWyvmG','할룽방구','https://noning.s3.ap-northeast-2.amazonaws.com/profileImg/6e13593c-8dba-4f7c-9a6b-eb2c75909362_1660826665762.jpg',62,'논쟁이'),(63,'test38@gmail.com','','$2a$10$zDjRRDjWEC.PXjCK4SOxuecr7AzNwEbteAqyIbHpww4WiHHDWyvmG','주아용','https://noning.s3.ap-northeast-2.amazonaws.com/profileImg/4954ac32-94a4-4873-b906-ca9cf8ac1b27_1660826808137.jpg',63,'논쟁이'),(64,'test39@gmail.com','','$2a$10$zDjRRDjWEC.PXjCK4SOxuecr7AzNwEbteAqyIbHpww4WiHHDWyvmG','부노보너','https://noning.s3.ap-northeast-2.amazonaws.com/profileImg/bf2eec45-0ce9-4e69-a3bf-b8ebec33659a_1660826997559.jpg',64,'논쟁이'),(65,'test40@gmail.com','','$2a$10$zDjRRDjWEC.PXjCK4SOxuecr7AzNwEbteAqyIbHpww4WiHHDWyvmG','타르트','https://noning.s3.ap-northeast-2.amazonaws.com/profileImg/ee6e54a3-46fe-4c58-9dc4-26521487e10b_1660836263470.jpg',65,'논쟁이'),(66,'test41@gmail.com','','$2a$10$zDjRRDjWEC.PXjCK4SOxuecr7AzNwEbteAqyIbHpww4WiHHDWyvmG','깜찍이','https://noning.s3.ap-northeast-2.amazonaws.com/profileImg/834f0245-f574-46cf-a6d8-304ba9b60fbb_1660836885949.jpg',66,'논쟁이'),(67,'test42@gmail.com','','$2a$10$zDjRRDjWEC.PXjCK4SOxuecr7AzNwEbteAqyIbHpww4WiHHDWyvmG','귤귤이','https://noning.s3.ap-northeast-2.amazonaws.com/profileImg/f4e8fdee-a18b-4102-ad61-b5cdbcccb5e5_1660848077864.jpg',67,'논쟁이'),(68,'test43@gmail.com','','$2a$10$zDjRRDjWEC.PXjCK4SOxuecr7AzNwEbteAqyIbHpww4WiHHDWyvmG','뿡치','https://noning.s3.ap-northeast-2.amazonaws.com/profileImg/b2e07a75-dc15-4bf2-934c-41ec8384ed1a_1660843467096.jpg',68,'논쟁이'),(69,'test44@gmail.com','','$2a$10$zDjRRDjWEC.PXjCK4SOxuecr7AzNwEbteAqyIbHpww4WiHHDWyvmG','고구마','https://noning.s3.ap-northeast-2.amazonaws.com/profileImg/283065ba-6e77-45a9-8ef6-ec893d3830ee_1660837086160.jpg',69,'논쟁이'),(70,'test45@gmail.com','','$2a$10$zDjRRDjWEC.PXjCK4SOxuecr7AzNwEbteAqyIbHpww4WiHHDWyvmG','세븐킹','https://noning.s3.ap-northeast-2.amazonaws.com/profileImg/10d474fa-ecc0-4947-b673-ee8331c703d6_1660838502627.jpg',70,'논쟁이'),(71,'test46@gmail.com','','$2a$10$zDjRRDjWEC.PXjCK4SOxuecr7AzNwEbteAqyIbHpww4WiHHDWyvmG','백설겅주','https://noning.s3.ap-northeast-2.amazonaws.com/profileImg/e7466509-6769-4006-8697-fea8532ea887_1660837331309.jpg',71,'논쟁이'),(72,'test47@gmail.com','','$2a$10$zDjRRDjWEC.PXjCK4SOxuecr7AzNwEbteAqyIbHpww4WiHHDWyvmG','치즈김빱','https://noning.s3.ap-northeast-2.amazonaws.com/profileImg/ace8ac34-005d-4260-ab31-fa08b16b6189_1660842840941.jpg',72,'논쟁이'),(73,'test48@gmail.com','','$2a$10$zDjRRDjWEC.PXjCK4SOxuecr7AzNwEbteAqyIbHpww4WiHHDWyvmG','방어회러버','https://noning.s3.ap-northeast-2.amazonaws.com/profileImg/d39c9e8d-65fa-4d9e-897a-5d887a220ff3_1660837519657.jpg',73,'논쟁이'),(74,'test49@gmail.com','','$2a$10$zDjRRDjWEC.PXjCK4SOxuecr7AzNwEbteAqyIbHpww4WiHHDWyvmG','커피','https://noning.s3.ap-northeast-2.amazonaws.com/profileImg/c89edb3f-ecdc-4623-ba37-4a7ae50557e4_1660837698969.jpg',74,'논쟁이');
/*!40000 ALTER TABLE `user_data` ENABLE KEYS */;
UNLOCK TABLES;

--
-- Table structure for table `verifying_token`
--

DROP TABLE IF EXISTS `verifying_token`;
/*!40101 SET @saved_cs_client     = @@character_set_client */;
/*!40101 SET character_set_client = utf8 */;
CREATE TABLE `verifying_token` (
  `id` varchar(36) COLLATE utf8_bin NOT NULL,
  `create_date` datetime(6) DEFAULT NULL,
  `expiration_date` datetime(6) DEFAULT NULL,
  `expired` bit(1) NOT NULL,
  `last_modified_date` datetime(6) DEFAULT NULL,
  `user_id` bigint(20) NOT NULL,
  PRIMARY KEY (`id`)
) ENGINE=InnoDB DEFAULT CHARSET=utf8 COLLATE=utf8_bin;
/*!40101 SET character_set_client = @saved_cs_client */;

--
-- Dumping data for table `verifying_token`
--

LOCK TABLES `verifying_token` WRITE;
/*!40000 ALTER TABLE `verifying_token` DISABLE KEYS */;
INSERT INTO `verifying_token` VALUES ('028274ce-a31d-43e3-811f-bab6d1680026',NULL,'2022-08-17 01:34:23.635846','\0',NULL,17),('10164db2-9ce7-4818-a7b9-8d480dd1d16c',NULL,'2022-08-16 09:16:35.202699','',NULL,7),('17372f34-dae5-4d62-aee5-eab6f0d87be9',NULL,'2022-08-17 04:22:27.999103','\0',NULL,23),('2782cfff-ff16-4a58-9bc6-eeb0aa968d52',NULL,'2022-08-16 13:58:14.236151','',NULL,12),('2aba40ef-4bc4-46a8-9cbf-622631370762',NULL,'2022-08-16 09:10:33.447103','',NULL,6),('3062bbbf-24b1-4997-b6c7-b7d0166b2d20',NULL,'2022-08-17 03:43:48.935463','\0',NULL,20),('30814316-fa57-4fba-b22c-6b79bf133077',NULL,'2022-08-16 10:24:50.634751','\0',NULL,11),('355fd599-de07-49c6-80d9-0d675f540eea',NULL,'2022-08-16 08:58:00.655652','',NULL,5),('45a06bac-e6c9-4ca9-a020-f0f6d73211cf',NULL,'2022-08-17 03:51:29.797878','',NULL,21),('4967abc1-db23-4b24-ba10-9150bc97b1a2',NULL,'2022-08-16 08:52:57.191350','',NULL,3),('5bb980b0-f14c-449c-a624-8d855cfc8a30',NULL,'2022-08-17 03:54:54.541457','',NULL,22),('5dc1a4f6-b061-49f6-a40e-a158962a66d7',NULL,'2022-08-17 00:43:36.839325','\0',NULL,14),('670ee2da-6e04-4cde-b2d2-8ef7ef56d43b',NULL,'2022-08-17 03:23:35.879412','\0',NULL,19),('9049b229-a552-40bd-81d9-7ce9d572f3e3',NULL,'2022-08-16 08:53:51.342974','',NULL,4),('9c50354c-987b-4d03-b315-0f757b94adc4',NULL,'2022-08-17 20:37:07.366135','\0',NULL,24),('9ed860c0-9fda-4a9b-a5fd-499ea817dbd7',NULL,'2022-08-16 08:51:58.658592','',NULL,2),('a897d9d3-0df4-4f1e-ba96-7797a415e362',NULL,'2022-08-18 11:39:44.799682','\0',NULL,25),('ab905293-5ae3-4077-a3b0-e89fb30b1bc3',NULL,'2022-08-16 10:10:43.258191','\0',NULL,9),('b2aa8048-f79d-4583-92c3-9a9eb3d57863',NULL,'2022-08-17 01:30:11.286219','\0',NULL,16),('b3540244-7b57-4538-998b-8d6b15206e4c',NULL,'2022-08-18 14:42:21.143132','',NULL,26),('b3f01bca-d6d9-484c-b728-03191239a01a',NULL,'2022-08-16 08:51:27.122874','',NULL,1),('b7ba4719-1d4f-4be6-af62-cf48c2b1a1eb',NULL,'2022-08-17 01:08:58.182697','\0',NULL,15),('e3a9765b-8f20-4085-ab2e-adb5590bd4f8',NULL,'2022-08-16 09:53:12.853698','',NULL,8),('e65be71d-0c66-4177-a15b-898b101b511c',NULL,'2022-08-17 01:41:40.763717','\0',NULL,18),('fe0e7a06-d119-43f8-9c80-c3d1f2ef7d39',NULL,'2022-08-16 23:14:04.813999','',NULL,13),('ff01491e-7cf0-4fd7-bfcd-e2e72274535b',NULL,'2022-08-16 10:13:27.370148','',NULL,10);
/*!40000 ALTER TABLE `verifying_token` ENABLE KEYS */;
UNLOCK TABLES;
/*!40103 SET TIME_ZONE=@OLD_TIME_ZONE */;

/*!40101 SET SQL_MODE=@OLD_SQL_MODE */;
/*!40014 SET FOREIGN_KEY_CHECKS=@OLD_FOREIGN_KEY_CHECKS */;
/*!40014 SET UNIQUE_CHECKS=@OLD_UNIQUE_CHECKS */;
/*!40101 SET CHARACTER_SET_CLIENT=@OLD_CHARACTER_SET_CLIENT */;
/*!40101 SET CHARACTER_SET_RESULTS=@OLD_CHARACTER_SET_RESULTS */;
/*!40101 SET COLLATION_CONNECTION=@OLD_COLLATION_CONNECTION */;
/*!40111 SET SQL_NOTES=@OLD_SQL_NOTES */;

-- Dump completed on 2022-08-18 21:37:56
